period_number,period_s,period_error_s,period_error_ns
0,3.333973895725331e-05,3.913019627736097e-09,3.9130196277360967
1,3.334310914886174e-05,7.2832112361622065e-09,7.283211236162207
2,3.3336519698912506e-05,6.937612869302662e-10,0.6937612869302662
3,3.334070376931342e-05,4.877831687841888e-09,4.877831687841888
4,3.3336496915954694e-05,6.709783291182709e-10,0.6709783291182708
5,3.334000476914664e-05,4.178831521065734e-09,4.178831521065734
6,3.3335846160604046e-05,2.022297847031288e-11,0.02022297847031288
7,3.3339652990278454e-05,3.82705265287791e-09,3.8270526528779096
8,3.3335639089974306e-05,-1.8684765126992294e-10,-0.18684765126992295
9,3.3338982209502044e-05,3.1562718764678805e-09,3.1562718764678803
10,3.33339863618394e-05,-1.8395757861742806e-09,-1.8395757861742805
11,3.3338401703251336e-05,2.5757656257598344e-09,2.5757656257598343
12,3.333580081553433e-05,-2.5122091242674692e-11,-0.025122091242674692
13,3.3339264374179084e-05,3.4384365535080003e-09,3.438436553508
14,3.3335063339643214e-05,-7.625979823615075e-10,-0.7625979823615076
15,3.3339216897951274e-05,3.3909603256977944e-09,3.3909603256977943
16,3.3335815869107305e-05,-1.0068518271184011e-11,-0.010068518271184011
17,3.3337394751727437e-05,1.5688141018606544e-09,1.5688141018606545
18,3.3333715756860005e-05,-2.110180765570852e-09,-2.110180765570852
19,3.3336325037099795e-05,4.990994742194938e-10,0.4990994742194938
20,3.333343532584826e-05,-2.3906117773163154e-09,-2.3906117773163156
21,3.3336103953344326e-05,2.780157187500182e-10,0.27801571875001824
22,3.3333466778855125e-05,-2.359158770450626e-09,-2.3591587704506263
23,3.333514388808266e-05,-6.820495429153478e-10,-0.6820495429153478
24,3.333150260765791e-05,-4.323329967666884e-09,-4.323329967666884
25,3.333550476706387e-05,-3.211705617032828e-10,-0.3211705617032828
26,3.333206024307665e-05,-3.765694548923232e-09,-3.7656945489232325
27,3.3336423744366114e-05,5.978067405383808e-10,0.5978067405383808
28,3.333147153384078e-05,-4.3544037847974065e-09,-4.354403784797406
29,3.333570652679953e-05,-1.1941082604866645e-10,-0.11941082604866646
30,3.333245381139521e-05,-3.3721262303630433e-09,-3.3721262303630435
31,3.333591595785709e-05,9.002023151699016e-11,0.09002023151699015
32,3.333387698457174e-05,-1.9489530538339744e-09,-1.9489530538339743
33,3.3336573495445707e-05,7.475578201306338e-10,0.7475578201306338
34,3.333368717729247e-05,-2.1387603331028465e-09,-2.1387603331028466
35,3.333653300630415e-05,7.070686785772213e-10,0.7070686785772212
36,3.3333668898903254e-05,-2.1570387223217085e-09,-2.1570387223217087
37,3.3336664844773115e-05,8.389071475385862e-10,0.8389071475385862
38,3.333343594788714e-05,-2.389989738437576e-09,-2.3899897384375763
39,3.33372125928353e-05,1.3866552097237467e-09,1.3866552097237468
40,3.3334108751399694e-05,-1.7171862258823006e-09,-1.7171862258823005
41,3.333777489836903e-05,1.9489607434565676e-09,1.9489607434565677
42,3.3332106453834096e-05,-3.7194837914804107e-09,-3.719483791480411
43,3.333478332431285e-05,-1.0426133127287634e-09,-1.0426133127287633
44,3.332931705253735e-05,-6.508885088229283e-09,-6.508885088229283
45,3.333304199272698e-05,-2.7839448985981846e-09,-2.7839448985981847
46,3.3326763462983994e-05,-9.062474641582225e-09,-9.062474641582225
47,3.333172067092327e-05,-4.105266702305438e-09,-4.105266702305438
48,3.3327226985620934e-05,-8.598952004642397e-09,-8.598952004642397
49,3.3334279687616264e-05,-1.5462500093120285e-09,-1.5462500093120284
50,3.3332441717173755e-05,-3.3842204518206914e-09,-3.3842204518206915
51,3.3339342614256695e-05,3.5166766311191472e-09,3.516676631119147
52,3.333782535333216e-05,1.9994157065807367e-09,1.9994157065807368
53,3.3343415915038435e-05,7.58997741285921e-09,7.589977412859211
54,3.3341239184246294e-05,5.413246620717565e-09,5.413246620717565
55,3.334327011007658e-05,7.444172451005087e-09,7.4441724510050875
56,3.3335213130437566e-05,-6.128071880099955e-10,-0.6128071880099956
57,3.333593183397175e-05,1.0589634617602043e-10,0.10589634617602042
58,3.3327946666847005e-05,-7.879270778570597e-09,-7.879270778570596
59,3.3330658218224535e-05,-5.167719401041166e-09,-5.167719401041166
60,3.3324584707611696e-05,-1.1241230013880172e-08,-11.241230013880172
61,3.3327633825051134e-05,-8.19211257444203e-09,-8.19211257444203
62,3.332243815732695e-05,-1.3387780298623037e-08,-13.387780298623037
63,3.332842542846069e-05,-7.400509164883612e-09,-7.400509164883612
64,3.33268842731306e-05,-8.941664494973417e-09,-8.941664494973418
65,3.333587026420684e-05,4.432658126456938e-11,0.04432658126456938
66,3.333642526716016e-05,5.99329534582021e-10,0.599329534582021
67,3.3343997656870225e-05,8.17171924464915e-09,8.17171924464915
68,3.334419902269528e-05,8.373085069705182e-09,8.373085069705182
69,3.334826041250134e-05,1.2434474875767259e-08,12.43447487576726
70,3.334305970972319e-05,7.23377209761527e-09,7.233772097615271
71,3.334396528184916e-05,8.139344223582362e-09,8.139344223582361
72,3.333650307261668e-05,6.771349911040498e-10,0.6771349911040497
73,3.333729340741949e-05,1.4674697939150378e-09,1.4674697939150378
74,3.333107763196612e-05,-4.748305659457003e-09,-4.748305659457003
75,3.333387816068997e-05,-1.9477769356033908e-09,-1.9477769356033907
76,3.332738898766639e-05,-8.436949959183377e-09,-8.436949959183377
77,3.333102465516956e-05,-4.801282456017692e-09,-4.801282456017692
78,3.33247998793966e-05,-1.1026058228976571e-08,-11.026058228976572
79,3.332953053761245e-05,-6.295400013125291e-09,-6.295400013125291
80,3.3324864571891016e-05,-1.0961365734559587e-08,-10.961365734559587
81,3.33286765996435e-05,-7.149337982072907e-09,-7.149337982072907
82,3.332463178849429e-05,-1.1194149131284865e-08,-11.194149131284865
83,3.332979318256338e-05,-6.03275506219842e-09,-6.03275506219842
84,3.332659633167867e-05,-9.229605946905312e-09,-9.229605946905313
85,3.333332825269583e-05,-2.4976849297440656e-09,-2.4976849297440658
86,3.3332393874013766e-05,-3.432063611809983e-09,-3.432063611809983
87,3.334000991961697e-05,4.183981991393742e-09,4.183981991393742
88,3.333864446093335e-05,2.818523307771708e-09,2.818523307771708
89,3.334442291613032e-05,8.596978504746993e-09,8.596978504746993
90,3.33420911376274e-05,6.265200001823895e-09,6.265200001823895
91,3.334491450504573e-05,9.088567420154786e-09,9.088567420154785
92,3.3339379584437084e-05,3.5536468115084313e-09,3.553646811508431
93,3.334188454781964e-05,6.058610194063113e-09,6.058610194063113
94,3.3336184253288104e-05,3.5831566252769124e-10,0.35831566252769126
95,3.3338802149167346e-05,2.976211541769907e-09,2.976211541769907
96,3.333249424420509e-05,-3.331693420485066e-09,-3.3316934204850663
97,3.333682646684821e-05,1.000529222636875e-09,1.0005292226368752
98,3.3331041631255026e-05,-4.7843063705497796e-09,-4.784306370549779
99,3.3334288890508185e-05,-1.537047117391283e-09,-1.537047117391283
100,3.3329974807771306e-05,-5.8511298542694495e-09,-5.851129854269449
101,3.333470440639377e-05,-1.1215312318034248e-09,-1.1215312318034247
102,3.332922937268612e-05,-6.5965649394559905e-09,-6.59656493945599
103,3.333328199031649e-05,-2.5439473090880854e-09,-2.5439473090880855
104,3.3329070711008574e-05,-6.755226617002181e-09,-6.75522661700218
105,3.333283309385135e-05,-2.992843774226434e-09,-2.992843774226434
106,3.3328849386799614e-05,-6.976550825962108e-09,-6.976550825962108
107,3.3332959962720926e-05,-2.8659749046498545e-09,-2.8659749046498546
108,3.332858522225521e-05,-7.240715370367807e-09,-7.240715370367806
109,3.3333641900504946e-05,-2.1840371206303727e-09,-2.184037120630373
110,3.332821263154345e-05,-7.613306082123578e-09,-7.613306082123578
111,3.333386248683887e-05,-1.9634507867092926e-09,-1.9634507867092925
112,3.332861637299345e-05,-7.2095646321289125e-09,-7.209564632128912
113,3.333322322732202e-05,-2.6027103035584703e-09,-2.6027103035584704
114,3.332903406595006e-05,-6.791871675517597e-09,-6.791871675517597
115,3.333320303529688e-05,-2.6229023286937275e-09,-2.6229023286937276
116,3.33293077969983e-05,-6.518140627272801e-09,-6.518140627272801
117,3.3334485365844185e-05,-1.3405717813906376e-09,-1.3405717813906375
118,3.3329558514840624e-05,-6.267422784952243e-09,-6.267422784952243
119,3.333474579097703e-05,-1.0801466485431182e-09,-1.0801466485431181
120,3.333041656364971e-05,-5.409373975864113e-09,-5.409373975864113
121,3.333596793639662e-05,1.419987710450871e-10,0.1419987710450871
122,3.3331416271757675e-05,-4.4096658679014305e-09,-4.40966586790143
123,3.333575601709507e-05,-6.992053050642374e-11,-0.06992053050642374
124,3.333253743493386e-05,-3.28850269171383e-09,-3.28850269171383
125,3.333648647979928e-05,6.605421737061962e-10,0.6605421737061962
126,3.333299912603935e-05,-2.826811586228279e-09,-2.826811586228279
127,3.333702495130972e-05,1.1990136841423743e-09,1.1990136841423744
128,3.333334063841675e-05,-2.4852992088229614e-09,-2.4852992088229615
129,3.333704593297751e-05,1.2199953519344492e-09,1.2199953519344493
130,3.333347228245617e-05,-2.3536551694035074e-09,-2.3536551694035075
131,3.3336916112246956e-05,1.0901746213799962e-09,1.0901746213799963
132,3.3333440737391e-05,-2.3852002345746198e-09,-2.38520023457462
133,3.333677930134754e-05,9.533637219651331e-10,0.9533637219651331
134,3.33333735757918e-05,-2.4523618337733482e-09,-2.4523618337733484
135,3.333669646096715e-05,8.705233415763841e-10,0.8705233415763841
136,3.333329580557792e-05,-2.530132047653239e-09,-2.530132047653239
137,3.333659934945388e-05,7.734118283010899e-10,0.7734118283010899
138,3.3333266143419776e-05,-2.5597942057996098e-09,-2.55979420579961
139,3.3336634980285496e-05,8.090426599195949e-10,0.8090426599195949
140,3.333329479629499e-05,-2.531141330588244e-09,-2.531141330588244
141,3.333669199876224e-05,8.660611366652577e-10,0.8660611366652576
142,3.333338279540646e-05,-2.4431422191182944e-09,-2.4431422191182945
143,3.3336646573838e-05,8.206362124265005e-10,0.8206362124265004
144,3.3333479400519256e-05,-2.3465371063201073e-09,-2.3465371063201075
145,3.333681008552136e-05,9.841478957863187e-10,0.9841478957863187
146,3.333357398181344e-05,-2.2519558121346156e-09,-2.2519558121346157
147,3.333694413570898e-05,1.1181980834031264e-09,1.1181980834031264
148,3.333361108876984e-05,-2.2148488557381446e-09,-2.2148488557381447
149,3.333713660532561e-05,1.3106677000364548e-09,1.3106677000364548
150,3.333352376225229e-05,-2.3021753732830946e-09,-2.3021753732830947
151,3.333763877769527e-05,1.812840069696114e-09,1.812840069696114
152,3.3333238629407874e-05,-2.587308217701762e-09,-2.587308217701762
153,3.3338063224176706e-05,2.2372865511301404e-09,2.2372865511301403
154,3.333306419716492e-05,-2.7617404606570866e-09,-2.761740460657087
155,3.333830503610136e-05,2.4790984757806995e-09,2.4790984757806993
156,3.3333170649890026e-05,-2.6552877355499665e-09,-2.6552877355499667
157,3.333830445211364e-05,2.4785144880614058e-09,2.4785144880614056
158,3.3333674793020046e-05,-2.1511446055298483e-09,-2.1511446055298484
159,3.333808154122597e-05,2.255603600396388e-09,2.255603600396388
160,3.3334674543555876e-05,-1.1513940697003905e-09,-1.1513940697003904
161,3.333781394253277e-05,1.9880049071920253e-09,1.9880049071920254
162,3.3334577963482076e-05,-1.2479741434999253e-09,-1.2479741434999252
163,3.3338687970372455e-05,2.862032746878845e-09,2.8620327468788447
164,3.33338510198275e-05,-1.9749177980775195e-09,-1.9749177980775194
165,3.3338781295647046e-05,2.9553580214704495e-09,2.9553580214704493
166,3.333477858565373e-05,-1.047351971846639e-09,-1.0473519718466389
167,3.3338509721290294e-05,2.6837836647177144e-09,2.6837836647177142
168,3.3335347500950546e-05,-4.784366750297314e-10,-0.47843667502973136
169,3.33390751488076e-05,3.249211182024974e-09,3.249211182024974
170,3.333448265355546e-05,-1.3432840701175846e-09,-1.3432840701175845
171,3.3339135944027154e-05,3.310006401578019e-09,3.310006401578019
172,3.333596321737978e-05,1.3727975420113007e-10,0.13727975420113006
173,3.333927387890595e-05,3.4479412803746718e-09,3.4479412803746716
174,3.333492438066174e-05,-9.015569638358206e-10,-0.9015569638358206
175,3.3339415262179095e-05,3.5893245535191737e-09,3.5893245535191736
176,3.3336354645918664e-05,5.287082930884252e-10,0.5287082930884252
177,3.333957338161678e-05,3.747443991201243e-09,3.747443991201243
178,3.3335331125462775e-05,-4.948121628010676e-10,-0.4948121628010676
179,3.333968434907075e-05,3.858411445176895e-09,3.858411445176895
180,3.3336730550486554e-05,9.046128609781429e-10,0.9046128609781429
181,3.333992912467332e-05,4.103187047741646e-09,4.103187047741646
182,3.333627783304663e-05,4.518954210532217e-10,0.4518954210532217
183,3.3339918229697424e-05,4.092292071847963e-09,4.092292071847964
184,3.333645552682993e-05,6.295892043519042e-10,0.6295892043519041
185,3.3340148706664796e-05,4.322769039220181e-09,4.322769039220181
186,3.333737659425712e-05,1.5506566315416853e-09,1.5506566315416854
187,3.334025635260904e-05,4.4304149834619106e-09,4.430414983461911
188,3.333738367607836e-05,1.5577384527822253e-09,1.5577384527822253
189,3.334049153163113e-05,4.665594005551937e-09,4.665594005551937
190,3.333683514018457e-05,1.009202558991556e-09,1.009202558991556
191,3.334076408595399e-05,4.938148328412933e-09,4.938148328412933
192,3.333742259278849e-05,1.596655162914456e-09,1.596655162914456
193,3.3340773150921515e-05,4.9472132959395504e-09,4.947213295939551
194,3.3338019941347996e-05,2.1940037224201176e-09,2.1940037224201174
195,3.334084682875965e-05,5.020891134075605e-09,5.0208911340756055
196,3.333836154978051e-05,2.535612154933747e-09,2.5356121549337467
197,3.334088926337103e-05,5.0633257454559205e-09,5.063325745455921
198,3.3338611229349197e-05,2.7852917236205693e-09,2.785291723620569
199,3.334100600101142e-05,5.180063385843586e-09,5.180063385843586
200,3.3338832711758e-05,3.006774132422612e-09,3.006774132422612
201,3.334113992502913e-05,5.313987403552539e-09,5.313987403552539
202,3.3339044338127205e-05,3.2184005016290757e-09,3.2184005016290755
203,3.334131196270837e-05,5.486025082793882e-09,5.486025082793883
204,3.3339239298844914e-05,3.4133612193378233e-09,3.413361219337823
205,3.334144197767938e-05,5.616040053805387e-09,5.616040053805388
206,3.333942377141408e-05,3.597833788502474e-09,3.597833788502474
207,3.3341716236760105e-05,5.890299134529036e-09,5.8902991345290365
208,3.333960282738552e-05,3.7768897599412205e-09,3.7768897599412203
209,3.334223553734528e-05,6.4095997197012805e-09,6.409599719701281
210,3.333980295598324e-05,3.977018357662781e-09,3.977018357662781
211,3.334264347051169e-05,6.8175328861143575e-09,6.817532886114358
212,3.334008897654811e-05,4.263038922534151e-09,4.263038922534151
213,3.3342073998080674e-05,6.248060455097564e-09,6.248060455097565
214,3.3340278522780986e-05,4.4525851554101875e-09,4.452585155410188
215,3.334213443072567e-05,6.308493100096895e-09,6.308493100096896
216,3.3340538220898164e-05,4.712283272587819e-09,4.712283272587819
217,3.334296802890227e-05,7.142091276694123e-09,7.142091276694123
218,3.334106215354543e-05,5.2362159198550634e-09,5.236215919855064
219,3.334265610033943e-05,6.830162713853554e-09,6.830162713853555
220,3.334090472317461e-05,5.0787855490321216e-09,5.078785549032122
221,3.334259066677461e-05,6.764729149037079e-09,6.76472914903708
222,3.334140018069684e-05,5.57424307126369e-09,5.57424307126369
223,3.334365941242909e-05,7.833474803512646e-09,7.8334748035126465
224,3.3341420720447296e-05,5.5947828217197066e-09,5.594782821719707
225,3.33427986793193e-05,6.9727416937261305e-09,6.972741693726131
226,3.334182634061669e-05,6.000402991116643e-09,6.000402991116643
227,3.3344032063495344e-05,8.206125869767594e-09,8.206125869767593
228,3.334182591486698e-05,5.999977241403381e-09,5.999977241403381
229,3.334316337330612e-05,7.337435680541287e-09,7.3374356805412875
230,3.334270507067416e-05,6.879133048585278e-09,6.879133048585278
231,3.334385337027887e-05,8.027432653293803e-09,8.027432653293802
232,3.334220751962519e-05,6.381581999612856e-09,6.381581999612856
233,3.334425891306572e-05,8.432975440145923e-09,8.432975440145922
234,3.334295814859389e-05,7.132210968317115e-09,7.132210968317115
235,3.3343519128242044e-05,7.693190616468054e-09,7.693190616468054
236,3.334351853642725e-05,7.692598801676436e-09,7.692598801676437
237,3.334414001366498e-05,8.3140760394042e-09,8.314076039404199
238,3.334297331159322e-05,7.14737396764547e-09,7.14737396764547
239,3.33450659239197e-05,9.239986294121865e-09,9.239986294121865
240,3.334306832153064e-05,7.242383905062982e-09,7.242383905062982
241,3.334494364254023e-05,9.117704914655294e-09,9.117704914655294
242,3.334372305323699e-05,7.897115611413979e-09,7.897115611413979
243,3.334442879871294e-05,8.602861087362462e-09,8.602861087362461
244,3.3344570219237535e-05,8.744281611958887e-09,8.744281611958886
245,3.3344320528764376e-05,8.494591138800294e-09,8.494591138800294
246,3.334498372057487e-05,9.157782949296305e-09,9.157782949296305
247,3.334444140862952e-05,8.615471003945601e-09,8.6154710039456
248,3.334523411793397e-05,9.40818030839357e-09,9.40818030839357
249,3.334462776048014e-05,8.801822854562929e-09,8.801822854562928
250,3.334545692833951e-05,9.630990713935966e-09,9.630990713935965
251,3.3344759624725356e-05,8.933687099780424e-09,8.933687099780423
252,3.334566497338945e-05,9.83903576387351e-09,9.83903576387351
253,3.3344977230814754e-05,9.151293189178116e-09,9.151293189178116
254,3.334578911327532e-05,9.96317564974441e-09,9.963175649744409
255,3.3345335080817856e-05,9.509143192280183e-09,9.509143192280183
256,3.334571565642708e-05,9.889718801501407e-09,9.889718801501406
257,3.334611863442874e-05,1.0292696803163742e-08,10.292696803163741
258,3.334531805031238e-05,9.492112686802106e-09,9.492112686802106
259,3.334668752391287e-05,1.0861586287295327e-08,10.861586287295326
260,3.3345365979309954e-05,9.540041684378436e-09,9.540041684378435
261,3.334662466907348e-05,1.079873144790649e-08,10.798731447906489
262,3.334652269640706e-05,1.069675878148451e-08,10.69675878148451
263,3.3345892134065136e-05,1.006619643956002e-08,10.06619643956002
264,3.334689697192042e-05,1.1071034294844067e-08,11.071034294844067
265,3.334678311401815e-05,1.0957176392571038e-08,10.957176392571037
266,3.3346136721505715e-05,1.0310783880138779e-08,10.310783880138779
267,3.3347243135087995e-05,1.1417197462419031e-08,11.41719746241903
268,3.3347088916002576e-05,1.1262978377000348e-08,11.262978377000348
269,3.3346393025244364e-05,1.0567087618788156e-08,10.567087618788156
270,3.33473671556804e-05,1.1541218054825935e-08,11.541218054825935
271,3.334764810723756e-05,1.1822169611983729e-08,11.822169611983728
272,3.334695234784649e-05,1.1126410220910926e-08,11.126410220910925
273,3.3347280303439725e-05,1.1454365814148764e-08,11.454365814148764
274,3.334785401953519e-05,1.202808190961318e-08,12.02808190961318
275,3.3348109593021175e-05,1.2283655395598663e-08,12.283655395598663
276,3.334758295115911e-05,1.1757013533534471e-08,11.75701353353447
277,3.3347577723951555e-05,1.175178632597878e-08,11.75178632597878
278,3.334799953933626e-05,1.2173601710683429e-08,12.173601710683428
279,3.334853242824287e-05,1.2706490617295945e-08,12.706490617295945
280,3.3348351778341584e-05,1.252584071600798e-08,12.525840716007979
281,3.3348563004010484e-05,1.2737066384908174e-08,12.737066384908173
282,3.334775044645452e-05,1.1924508828945629e-08,11.924508828945628
283,3.334862202631489e-05,1.2796088689313195e-08,12.796088689313194
284,3.334844504429904e-05,1.2619106673465046e-08,12.619106673465046
285,3.334916391602161e-05,1.3337978396030952e-08,13.337978396030952
286,3.3348773939279736e-05,1.2948001654159596e-08,12.948001654159595
287,3.3349447133318444e-05,1.3621195692867954e-08,13.621195692867953
288,3.33488566699458e-05,1.3030732320227383e-08,13.030732320227383
289,3.334963334239785e-05,1.3807404772273762e-08,13.807404772273761
290,3.334872283182813e-05,1.2896894202555514e-08,12.896894202555513
291,3.33499021042058e-05,1.4076166580221532e-08,14.076166580221532
292,3.3348615932505404e-05,1.2789994879828397e-08,12.789994879828397
293,3.335032216124356e-05,1.4496223617985909e-08,14.496223617985908
294,3.334884033199051e-05,1.3014394364933173e-08,13.014394364933173
295,3.335064728372458e-05,1.4821346099006699e-08,14.821346099006698
296,3.334901761069958e-05,1.3191673074006865e-08,13.191673074006864
297,3.3350905103837064e-05,1.507916621148813e-08,15.07916621148813
298,3.334913855773322e-05,1.3312620107645162e-08,13.312620107645161
299,3.3351393646349065e-05,1.556770872348861e-08,15.56770872348861
300,3.334918840432882e-05,1.3362466703246306e-08,13.362466703246305
301,3.335189505884739e-05,1.6069121221815746e-08,16.069121221815745
302,3.334924525116856e-05,1.3419313542981808e-08,13.419313542981808
303,3.33521396996099e-05,1.631376198432471e-08,16.31376198432471
304,3.334949987293667e-05,1.3673935311096113e-08,13.673935311096113
305,3.335201959921846e-05,1.6193661592887204e-08,16.193661592887203
306,3.334966622556279e-05,1.3840287937214751e-08,13.84028793721475
307,3.3352100346294156e-05,1.6274408668579704e-08,16.274408668579703
308,3.334971503017592e-05,1.3889092550343368e-08,13.889092550343367
309,3.3352632576092583e-05,1.6806638467007523e-08,16.806638467007524
310,3.334971665324912e-05,1.3890715623546984e-08,13.890715623546983
311,3.3353950728752524e-05,1.812479112694792e-08,18.12479112694792
312,3.334970739310439e-05,1.3881455478812637e-08,13.881455478812637
313,3.3353384753586485e-05,1.755881596090874e-08,17.558815960908742
314,3.334982226598643e-05,1.3996328360852566e-08,13.996328360852566
315,3.335361263829065e-05,1.7786700665071314e-08,17.786700665071315
316,3.334981825574984e-05,1.3992318124265318e-08,13.992318124265317
317,3.335504886855384e-05,1.9222930928262266e-08,19.222930928262265
318,3.334984773956107e-05,1.4021801935491123e-08,14.021801935491123
319,3.335413755040095e-05,1.831161277537701e-08,18.31161277537701
320,3.334986956356201e-05,1.4043625936430875e-08,14.043625936430875
321,3.335592195710668e-05,2.0096019481106336e-08,20.096019481106335
322,3.334985815600308e-05,1.4032218377505617e-08,14.032218377505616
323,3.3355098881235334e-05,1.9272943609758447e-08,19.272943609758446
324,3.334981476133328e-05,1.3988823707703651e-08,13.98882370770365
325,3.335661578868221e-05,2.078985105663305e-08,20.78985105663305
326,3.3349797859901636e-05,1.3971922276060527e-08,13.971922276060527
327,3.335524020002187e-05,1.9414262396292453e-08,19.414262396292454
328,3.3349004997684784e-05,1.3179060059207597e-08,13.179060059207597
329,3.333166761577966e-05,-4.158321845917196e-09,-4.158321845917196
330,3.333428058949206e-05,-1.545348133515762e-09,-1.545348133515762
331,3.332461181311183e-05,-1.1214124513744101e-08,-11.214124513744101
332,3.3330314182934695e-05,-5.511754690881005e-09,-5.511754690881005
333,3.333525170151966e-05,-5.742361059178419e-10,-0.5742361059178419
334,3.3336305109273046e-05,4.791716474696278e-10,0.47917164746962787
335,3.332719370981174e-05,-8.632227813833832e-09,-8.632227813833833
336,3.333165520979717e-05,-4.1707278284085e-09,-4.170727828408499
337,3.334089960370379e-05,5.073666078212629e-09,5.0736660782126295
338,3.333916256850061e-05,3.336630875037266e-09,3.3366308750372657
339,3.3335054434625866e-05,-7.715029997100225e-10,-0.7715029997100226
340,3.3335427267411344e-05,-3.9867021423207246e-10,-0.39867021423207244
341,3.332248085147552e-05,-1.334508615005931e-08,-13.345086150059311
342,3.332706784726913e-05,-8.75809035644421e-09,-8.75809035644421
343,3.333135487887731e-05,-4.471058748264207e-09,-4.471058748264206
344,3.333286900195423e-05,-2.956935671346423e-09,-2.956935671346423
345,3.333994958390138e-05,4.123646275803355e-09,4.123646275803355
346,3.333825147104272e-05,2.4255334171420723e-09,2.425533417142072
347,3.332481499317835e-05,-1.1010944447222676e-08,-11.010944447222677
348,3.332904680245288e-05,-6.779135172692969e-09,-6.7791351726929685
349,3.333397196388782e-05,-1.8539737377552606e-09,-1.8539737377552605
350,3.3334248286442936e-05,-1.5776511826402556e-09,-1.5776511826402555
351,3.333952096564938e-05,3.695028023801444e-09,3.6950280238014437
352,3.333722900054209e-05,1.4030629165142023e-09,1.4030629165142023
353,3.332754384341441e-05,-8.282094211167052e-09,-8.282094211167053
354,3.3330050965885843e-05,-5.774971739732466e-09,-5.774971739732465
355,3.333643094789382e-05,6.050102682432718e-10,0.6050102682432718
356,3.333495443136325e-05,-8.715062623253006e-10,-0.8715062623253006
357,3.3336567182139926e-05,7.412445143496977e-10,0.7412445143496976
358,3.333576865932608e-05,-5.727829949437376e-11,-0.05727829949437376
359,3.332727839592056e-05,-8.547541705013879e-09,-8.547541705013879
360,3.3329408607406935e-05,-6.417330218640833e-09,-6.417330218640832
361,3.333656401910412e-05,7.380814785441997e-10,0.7380814785441997
362,3.3335008956834195e-05,-8.169807913814336e-10,-0.8169807913814336
363,3.333100726152574e-05,-4.818676099834613e-09,-4.8186760998346125
364,3.333115839538117e-05,-4.667542244404083e-09,-4.667542244404083
365,3.3328815152729174e-05,-7.010784896401673e-09,-7.010784896401673
366,3.3329802556290866e-05,-6.02338133470976e-09,-6.02338133470976
367,3.333962245075789e-05,3.796513132312712e-09,3.7965131323127115
368,3.333598881252037e-05,1.628748947914366e-10,0.1628748947914366
369,3.33366303974271e-05,8.044598015212673e-10,0.8044598015212673
370,3.333341224434627e-05,-2.413693279303803e-09,-2.413693279303803
371,3.33349591582037e-05,-8.667794218784669e-10,-0.8667794218784669
372,3.33325910318559e-05,-3.234905769674396e-09,-3.234905769674396
373,3.333124281946001e-05,-4.583118165565176e-09,-4.583118165565176
374,3.333088566627104e-05,-4.940271354533072e-09,-4.940271354533071
375,3.333825327799314e-05,2.427340367564695e-09,2.4273403675646947
376,3.33348767591439e-05,-9.491784816760334e-10,-0.9491784816760335
377,3.3328278380186094e-05,-7.547557439482161e-09,-7.547557439482161
378,3.3328973978362375e-05,-6.851959263200875e-09,-6.851959263200874
379,3.333380261637958e-05,-2.023321245993976e-09,-2.023321245993976
380,3.333208769474433e-05,-3.738242881248083e-09,-3.7382428812480835
381,3.3336056966003225e-05,2.3102837764870602e-10,0.231028377648706
382,3.333434951753936e-05,-1.4764200862181281e-09,-1.476420086218128
383,3.3333301577134766e-05,-2.52436049080968e-09,-2.52436049080968
384,3.3331959710648784e-05,-3.866226976791793e-09,-3.866226976791793
385,3.332945468259921e-05,-6.3712550263682116e-09,-6.371255026368211
386,3.332923658098605e-05,-6.589356639526817e-09,-6.589356639526817
387,3.33388775000977e-05,3.051562472126284e-09,3.051562472126284
388,3.3335523094236985e-05,-3.0284338859082934e-10,-0.3028433885908293
389,3.3335056834307014e-05,-7.691033185617873e-10,-0.7691033185617874
390,3.3332993941346395e-05,-2.831996279181021e-09,-2.831996279181021
391,3.333726898631373e-05,1.4430486881524202e-09,1.4430486881524203
392,3.333454679729786e-05,-1.2791403277166496e-09,-1.2791403277166495
393,3.333363482939736e-05,-2.191108228218725e-09,-2.191108228218725
394,3.3331495532442496e-05,-4.330405183080427e-09,-4.330405183080427
395,3.3335466927887636e-05,-3.590097379400697e-10,-0.3590097379400697
396,3.3332046854017694e-05,-3.7790836078819895e-09,-3.7790836078819896
397,3.333116095967023e-05,-4.6649779553452125e-09,-4.664977955345212
398,3.333001546758363e-05,-5.810470041946853e-09,-5.810470041946853
399,3.333480532217992e-05,-1.0206154456591848e-09,-1.0206154456591847
400,3.333241254750707e-05,-3.4133901185027854e-09,-3.4133901185027855
401,3.332524206547949e-05,-1.0583872146088086e-08,-10.583872146088087
402,3.332687950318228e-05,-8.94643444329863e-09,-8.94643444329863
403,3.3337474790860744e-05,1.6488532351678848e-09,1.6488532351678848
404,3.333315017656907e-05,-2.6757610565051942e-09,-2.6757610565051944
405,3.3338604763826635e-05,2.7788262010587867e-09,2.7788262010587865
406,3.3333501575274344e-05,-2.324362351232407e-09,-2.324362351232407
407,3.333636571047072e-05,5.397728451407785e-10,0.5397728451407785
408,3.333203129534876e-05,-3.794642276818533e-09,-3.7946422768185335
409,3.333371036621027e-05,-2.115571415303003e-09,-2.115571415303003
410,3.3331418618970376e-05,-4.40731865519945e-09,-4.407318655199449
411,3.333338389623422e-05,-2.442041391356015e-09,-2.4420413913560153
412,3.333076210170274e-05,-5.063835922832611e-09,-5.06383592283261
413,3.333689996657882e-05,1.0740289532442044e-09,1.0740289532442044
414,3.333251559847067e-05,-3.310339154907033e-09,-3.3103391549070333
415,3.333525182039679e-05,-5.741172287874801e-10,-0.5741172287874802
416,3.333245533902046e-05,-3.3705986051145225e-09,-3.3705986051145227
417,3.3335676788242424e-05,-1.491493831516427e-10,-0.1491493831516427
418,3.333310249558144e-05,-2.7234420441356105e-09,-2.7234420441356106
419,3.333110242188103e-05,-4.723515744544499e-09,-4.723515744544499
420,3.332906476894229e-05,-6.7611686832856404e-09,-6.76116868328564
421,3.333472267480486e-05,-1.1032628207139966e-09,-1.1032628207139965
422,3.333162501954756e-05,-4.200918078014321e-09,-4.200918078014321
423,3.3338338489206226e-05,2.5125515806502735e-09,2.5125515806502734
424,3.333361433544707e-05,-2.211602178505529e-09,-2.211602178505529
425,3.333287348030595e-05,-2.952457319629182e-09,-2.952457319629182
426,3.332990340967901e-05,-5.922527946568951e-09,-5.922527946568951
427,3.3336667122765146e-05,8.411851395697051e-10,0.8411851395697051
428,3.333361384123823e-05,-2.212096387346047e-09,-2.212096387346047
429,3.333382843945243e-05,-1.997498173147267e-09,-1.9974981731472667
430,3.333103109379523e-05,-4.794843830343404e-09,-4.794843830343404
431,3.333551820596317e-05,-3.0773166240433743e-10,-0.3077316624043374
432,3.333124270748708e-05,-4.583230138496103e-09,-4.583230138496103
433,3.3334376448541925e-05,-1.4494890836512292e-09,-1.449489083651229
434,3.333165335701188e-05,-4.1725806136948046e-09,-4.172580613694804
435,3.333678183507077e-05,9.55897445196357e-10,0.955897445196357
436,3.3332995942662175e-05,-2.829994963401256e-09,-2.8299949634012562
437,3.3331155930942796e-05,-4.6700066827796765e-09,-4.670006682779676
438,3.332845497860601e-05,-7.370959019566809e-09,-7.370959019566809
439,3.3337446352584704e-05,1.6204149591282852e-09,1.6204149591282853
440,3.333353360970154e-05,-2.2923279240381683e-09,-2.2923279240381684
441,3.3337459672270336e-05,1.6337346447605145e-09,1.6337346447605146
442,3.3333794299695435e-05,-2.03163793014089e-09,-2.03163793014089
443,3.333248298598504e-05,-3.3429516405357245e-09,-3.3429516405357247
444,3.332989980496179e-05,-5.9261326637881145e-09,-5.926132663788114
445,3.333483171407206e-05,-9.94223553515256e-10,-0.994223553515256
446,3.333193954947397e-05,-3.886388151604753e-09,-3.8863881516047534
447,3.333472020451006e-05,-1.1057331155160449e-09,-1.1057331155160448
448,3.333117857558243e-05,-4.647362043144038e-09,-4.647362043144038
449,3.3337517813814e-05,1.6918761884234185e-09,1.6918761884234186
450,3.333225311865154e-05,-3.5728189740367794e-09,-3.5728189740367795
451,3.333269723419449e-05,-3.1287034310843514e-09,-3.1287034310843516
452,3.332971966934009e-05,-6.106268285484945e-09,-6.106268285484945
453,3.3335652291306694e-05,-1.7364631888156564e-10,-0.17364631888156565
454,3.333128205468272e-05,-4.543882942855521e-09,-4.543882942855521
455,3.333673998596326e-05,9.140483376836534e-10,0.9140483376836533
456,3.3331732929083036e-05,-4.093008542540417e-09,-4.093008542540416
457,3.333718063344704e-05,1.3546958214629085e-09,1.3546958214629086
458,3.33323111077477e-05,-3.514829877872944e-09,-3.5148298778729443
459,3.333371768235102e-05,-2.108255274554222e-09,-2.1082552745542222
460,3.3330727371036484e-05,-5.098566589092197e-09,-5.098566589092196
461,3.333465074802089e-05,-1.1751896046872717e-09,-1.1751896046872716
462,3.333051996591563e-05,-5.305971709947794e-09,-5.305971709947793
463,3.333672465510168e-05,8.987174761034217e-10,0.8987174761034217
464,3.333271052599271e-05,-3.115411632866722e-09,-3.115411632866722
465,3.333574543355755e-05,-8.050406802501738e-11,-0.08050406802501739
466,3.333250338865765e-05,-3.3225489679287795e-09,-3.3225489679287796
467,3.333400411704643e-05,-1.8218205791474323e-09,-1.8218205791474322
468,3.3330605773210925e-05,-5.220164414650847e-09,-5.220164414650847
469,3.333470286316295e-05,-1.1230744626243355e-09,-1.1230744626243354
470,3.333098944173149e-05,-4.836495894085919e-09,-4.836495894085918
471,3.3333675322749085e-05,-2.150614876491436e-09,-2.1506148764914363
472,3.3330433970465284e-05,-5.391967160291839e-09,-5.391967160291839
473,3.3337437038150064e-05,1.6111005244880345e-09,1.6111005244880345
474,3.333202810288857e-05,-3.797834737003631e-09,-3.797834737003631
475,3.3335916178545144e-05,9.024091956815698e-11,0.09024091956815697
476,3.33316147377756e-05,-4.211199849975928e-09,-4.211199849975928
477,3.3335210733825144e-05,-6.152038004324017e-10,-0.6152038004324017
478,3.333184351237556e-05,-3.982425250017413e-09,-3.9824252500174135
479,3.333541950018698e-05,-4.064374385957586e-10,-0.4064374385957586
480,3.333109627571412e-05,-4.729661911453248e-09,-4.729661911453248
481,3.333561874766314e-05,-2.0718996243879791e-10,-0.20718996243879792
482,3.333110769117298e-05,-4.7182464525972806e-09,-4.71824645259728
483,3.333313400565377e-05,-2.6919319718064555e-09,-2.6919319718064556
484,3.333020180542809e-05,-5.62413219748687e-09,-5.62413219748687
485,3.333610267994974e-05,2.7674232416579573e-10,0.27674232416579575
486,3.3331281781665e-05,-4.544155960575064e-09,-4.544155960575064
487,3.3333238764345074e-05,-2.5871732805014596e-09,-2.58717328050146
488,3.333021872925501e-05,-5.6072083705636716e-09,-5.607208370563671
489,3.333778076549526e-05,1.954827869685865e-09,1.9548278696858652
490,3.33322726368962e-05,-3.5533007293773794e-09,-3.5533007293773795
491,3.333767212096092e-05,1.8461833353446361e-09,1.8461833353446362
492,3.3332128465443644e-05,-3.6974721819314554e-09,-3.6974721819314555
493,3.3329857182351486e-05,-5.968755274090415e-09,-5.968755274090415
494,3.332806568268412e-05,-7.760254941454442e-09,-7.760254941454442
495,3.333477391131642e-05,-1.0520263091527487e-09,-1.0520263091527486
496,3.333131451309715e-05,-4.511424528427072e-09,-4.511424528427072
497,3.333582730503243e-05,1.3674068523534047e-12,0.0013674068523534047
498,3.3331775943480635e-05,-4.0499941449410664e-09,-4.049994144941066
499,3.3334562578729576e-05,-1.2633588959996616e-09,-1.2633588959996616
500,3.333024404900478e-05,-5.581888620794623e-09,-5.581888620794623
501,3.333707183927198e-05,1.2459016464051948e-09,1.2459016464051949
502,3.3332624399431965e-05,-3.2015381936110815e-09,-3.2015381936110816
503,3.333865343767284e-05,2.8275000472623374e-09,2.8275000472623373
504,3.3332946475027325e-05,-2.879462598250732e-09,-2.8794625982507323
505,3.333412349095996e-05,-1.7024466656155373e-09,-1.7024466656155373
506,3.3330639815382784e-05,-5.1861222427916414e-09,-5.186122242791641
507,3.333673779981616e-05,9.118621905869701e-10,0.91186219058697
508,3.3331989341290474e-05,-3.836596335101534e-09,-3.8365963351015338
509,3.332999155298069e-05,-5.834384644883678e-09,-5.834384644883678
510,3.332792841016785e-05,-7.897527457725157e-09,-7.897527457725157
511,3.3336383790757984e-05,5.57853132408131e-10,0.557853132408131
512,3.333138680124137e-05,-4.439136384206516e-09,-4.439136384206516
513,3.333548765491884e-05,-3.382827067375865e-10,-0.3382827067375865
514,3.333186006383368e-05,-3.965873791896674e-09,-3.965873791896674
515,3.3334815014020996e-05,-1.0109236045795006e-09,-1.0109236045795005
516,3.33309295728855e-05,-4.896364740077769e-09,-4.896364740077769
517,3.333559066493255e-05,-2.3527269302420824e-10,-0.23527269302420825
518,3.333078057488753e-05,-5.045362738045184e-09,-5.045362738045184
519,3.333726546645224e-05,1.4395288266668077e-09,1.4395288266668078
520,3.3332614686319706e-05,-3.211251305870028e-09,-3.2112513058700283
521,3.333814761931342e-05,2.3216816878425745e-09,2.3216816878425743
522,3.3332753195124826e-05,-3.0727425007502423e-09,-3.0727425007502425
523,3.333498055539674e-05,-8.453822288332974e-10,-0.8453822288332974
524,3.33314110275533e-05,-4.4149100722777395e-09,-4.414910072277739
525,3.333294383497595e-05,-2.8821026496226925e-09,-2.8821026496226927
526,3.33295614017258e-05,-6.264535899776886e-09,-6.264535899776885
527,3.333566876457389e-05,-1.571730516867825e-10,-0.1571730516867825
528,3.333220094214537e-05,-3.6249954802079548e-09,-3.624995480207955
529,3.333801800808195e-05,2.1920704563728683e-09,2.192070456372868
530,3.333369098557082e-05,-2.1349520547573947e-09,-2.134952054757395
531,3.33356556990079e-05,-1.7023861767701595e-10,-0.17023861767701595
532,3.3332034774301994e-05,-3.791163323581931e-09,-3.7911633235819315
533,3.333197932324852e-05,-3.8466143770530875e-09,-3.8466143770530876
534,3.3328658650723375e-05,-7.1672869022008706e-09,-7.16728690220087
535,3.3335821303246554e-05,-4.634379021490297e-12,-0.004634379021490297
536,3.333176116571829e-05,-4.064771907288218e-09,-4.064771907288217
537,3.333475051117349e-05,-1.0754264520871975e-09,-1.0754264520871974
538,3.3330301255685146e-05,-5.524681940429605e-09,-5.524681940429605
539,3.333685033470035e-05,1.0243970747760229e-09,1.024397074776023
540,3.333246008975499e-05,-3.3658478705865308e-09,-3.365847870586531
541,3.333816467703671e-05,2.33873941113199e-09,2.3387394111319897
542,3.3332916819537456e-05,-2.909118088120061e-09,-2.9091180881200613
543,3.333334659741741e-05,-2.479340208168929e-09,-2.4793402081689293
544,3.3330132040758353e-05,-5.693896867222498e-09,-5.693896867222498
545,3.333364626028831e-05,-2.179677337262715e-09,-2.179677337262715
546,3.332964210025005e-05,-6.183837375525031e-09,-6.183837375525031
547,3.33358550804741e-05,2.9142848521229205e-11,0.029142848521229205
548,3.333165007412403e-05,-4.175863501545258e-09,-4.175863501545257
549,3.3335734878049694e-05,-9.105957588168619e-11,-0.0910595758816862
550,3.333084023993127e-05,-4.985697694306185e-09,-4.985697694306185
551,3.333795124127459e-05,2.1253036490122496e-09,2.1253036490122494
552,3.333220353658045e-05,-3.6224010451245186e-09,-3.6224010451245188
553,3.3331527289182095e-05,-4.298648443481329e-09,-4.298648443481329
554,3.3328984695629726e-05,-6.841241995849518e-09,-6.841241995849518
555,3.3336999091450326e-05,1.1731538247496337e-09,1.1731538247496338
556,3.3331701746734665e-05,-4.12419089091049e-09,-4.12419089091049
557,3.333865464598407e-05,2.8287083584911882e-09,2.828708358491188
558,3.3332616131691306e-05,-3.2098059342698443e-09,-3.2098059342698444
559,3.333590114651397e-05,7.520888839279097e-11,0.07520888839279097
560,3.3331251175799936e-05,-4.574761825639601e-09,-4.574761825639601
561,3.333041165522882e-05,-5.414282396756071e-09,-5.414282396756071
562,3.332788167452472e-05,-7.944263100858446e-09,-7.9442631008584454
563,3.333485804356273e-05,-9.67894062844205e-10,-0.9678940628442051
564,3.333091735974181e-05,-4.9085778837685895e-09,-4.908577883768589
565,3.3335259378444726e-05,-5.665591808499742e-10,-0.5665591808499743
566,3.333062158637767e-05,-5.204351247902589e-09,-5.204351247902589
567,3.3336650212975605e-05,8.242753500288741e-10,0.8242753500288741
568,3.3332781240437426e-05,-3.044697188150209e-09,-3.044697188150209
569,3.333674250706464e-05,9.165694390668661e-10,0.916569439066866
570,3.333285832318039e-05,-2.9676144451838476e-09,-2.9676144451838478
571,3.33376513256059e-05,1.825387980323328e-09,1.8253879803233282
572,3.333336849404428e-05,-2.457443581296132e-09,-2.457443581296132
573,3.3331030911090687e-05,-4.795026534889341e-09,-4.795026534889341
574,3.332851232670797e-05,-7.313610917605135e-09,-7.313610917605135
575,3.3333796315433706e-05,-2.0296221918701457e-09,-2.029622191870146
576,3.333041126633157e-05,-5.414671294003809e-09,-5.414671294003809
577,3.333768455134056e-05,1.858613714986906e-09,1.858613714986906
578,3.333194283697272e-05,-3.883100652859301e-09,-3.883100652859301
579,3.3336848066618796e-05,1.0221289932201222e-09,1.0221289932201223
580,3.333142188238075e-05,-4.404055244824185e-09,-4.4040552448241845
581,3.333789295497519e-05,2.067017349614169e-09,2.067017349614169
582,3.3332272945621466e-05,-3.5529920041098067e-09,-3.552992004109807
583,3.333682442917957e-05,9.984915539919476e-10,0.9984915539919476
584,3.333193340471219e-05,-3.892532913387487e-09,-3.892532913387487
585,3.33294334865647e-05,-6.392451060879107e-09,-6.3924510608791065
586,3.3326823951199125e-05,-9.001986426451065e-09,-9.001986426451065
587,3.333508466821927e-05,-7.412694063034303e-10,-0.7412694063034303
588,3.333068206445855e-05,-5.143873167025976e-09,-5.143873167025975
589,3.333831506776436e-05,2.4891301387809867e-09,2.4891301387809865
590,3.33323279217701e-05,-3.498015855476328e-09,-3.498015855476328
591,3.3336277348652854e-05,4.514110272781308e-10,0.4514110272781308
592,3.333120694729019e-05,-4.618990335383106e-09,-4.618990335383105
593,3.3337895874986645e-05,2.0699373610690236e-09,2.0699373610690235
594,3.333265207246944e-05,-3.1738651561384395e-09,-3.1738651561384397
595,3.3333307927631284e-05,-2.5180099942921424e-09,-2.5180099942921426
596,3.33300587220392e-05,-5.767215586374003e-09,-5.767215586374003
597,3.333740044936945e-05,1.5745117438716255e-09,1.5745117438716256
598,3.333185310130243e-05,-3.972836323142665e-09,-3.972836323142665
599,3.333797684730577e-05,2.1509096801965383e-09,2.150909680196538
600,3.3332134970302796e-05,-3.6909673227801315e-09,-3.6909673227801316
601,3.3329695505873724e-05,-6.130431751851634e-09,-6.130431751851634
602,3.332787344517696e-05,-7.952492448617238e-09,-7.952492448617238
603,3.3333428273780996e-05,-2.3976638445797954e-09,-2.3976638445797955
604,3.333021881133519e-05,-5.607126290387682e-09,-5.607126290387682
605,3.333713555143947e-05,1.3096138138914354e-09,1.3096138138914355
606,3.33317063191535e-05,-4.119618472078041e-09,-4.119618472078041
607,3.3338324529320895e-05,2.498591695319235e-09,2.498591695319235
608,3.3332415155122586e-05,-3.4107825029903787e-09,-3.410782502990379
609,3.333745903753155e-05,1.6330999059712076e-09,1.6330999059712077
610,3.333182564263515e-05,-4.0002949904270396e-09,-4.000294990427039
611,3.3333752155598195e-05,-2.0737820273806834e-09,-2.0737820273806835
612,3.332974545695172e-05,-6.080480673855532e-09,-6.080480673855532
613,3.33331350629365e-05,-2.69087468907287e-09,-2.6908746890728703
614,3.3329543416706076e-05,-6.2825209195003845e-09,-6.282520919500384
615,3.3335450247640175e-05,-3.756899854011125e-10,-0.3756899854011125
616,3.3331844365824814e-05,-3.981571800761702e-09,-3.9815718007617025
617,3.333692356736334e-05,1.0976297377653316e-09,1.0976297377653317
618,3.333231998138564e-05,-3.505956239937386e-09,-3.5059562399373863
619,3.333835476618252e-05,2.528828556944856e-09,2.528828556944856
620,3.333362747190427e-05,-2.1984657213057262e-09,-2.1984657213057264
621,3.333666017240472e-05,8.342347791436217e-10,0.8342347791436217
622,3.333268200942513e-05,-3.1439282004462393e-09,-3.1439282004462394
623,3.332660271478105e-05,-9.22322284452532e-09,-9.22322284452532
624,3.332643601536983e-05,-9.389922255744593e-09,-9.389922255744594
625,3.333395151945695e-05,-1.8744181686257194e-09,-1.8744181686257193
626,3.333064915989059e-05,-5.176777734985211e-09,-5.176777734985211
627,3.33383566846826e-05,2.530747057025878e-09,2.5307470570258777
628,3.333314083060063e-05,-2.6851070249487912e-09,-2.6851070249487914
629,3.3338438271884874e-05,2.6123342592977933e-09,2.612334259297793
630,3.333373263680883e-05,-2.093300816743255e-09,-2.093300816743255
631,3.333631114925406e-05,4.852116284849656e-10,0.48521162848496563
632,3.333247079474744e-05,-3.35514287813849e-09,-3.35514287813849
633,3.3333801015097975e-05,-2.0249225276012866e-09,-2.0249225276012868
634,3.333010259087138e-05,-5.7233467541960075e-09,-5.723346754196007
635,3.33352093725911e-05,-6.165650344745538e-10,-0.6165650344745538
636,3.3331369568408153e-05,-4.4563692174224906e-09,-4.45636921742249
637,3.333620824486072e-05,3.823072351451457e-10,0.3823072351451457
638,3.333216600370087e-05,-3.6599339247065992e-09,-3.6599339247065994
639,3.33370366006544e-05,1.2106630288257142e-09,1.2106630288257143
640,3.333222184201401e-05,-3.604095611566666e-09,-3.6040956115666662
641,3.3336008332211786e-05,1.8239458621021557e-10,0.18239458621021556
642,3.3331107249991165e-05,-4.718687634410585e-09,-4.718687634410585
643,3.333389269615655e-05,-1.933241469023023e-09,-1.933241469023023
644,3.3330101737415185e-05,-5.7242002103906125e-09,-5.724200210390612
645,3.333301952861134e-05,-2.8064090142352954e-09,-2.8064090142352955
646,3.332943466793914e-05,-6.391269686436391e-09,-6.391269686436391
647,3.333107052042733e-05,-4.75541719824541e-09,-4.75541719824541
648,3.3328540745752866e-05,-7.28519187270999e-09,-7.28519187270999
649,3.333586998836152e-05,4.40507359457604e-11,0.0440507359457604
650,3.3332165019009374e-05,-3.660918616201609e-09,-3.660918616201609
651,3.333767036796387e-05,1.8444303382915634e-09,1.8444303382915634
652,3.333319224138598e-05,-2.6336962395977e-09,-2.6336962395977
653,3.333741553047942e-05,1.5895928538435739e-09,1.589592853843574
654,3.3333208707291007e-05,-2.6172303345693487e-09,-2.617230334569349
655,3.333801834935757e-05,2.192411731991744e-09,2.192411731991744
656,3.333341424886088e-05,-2.4116887646939483e-09,-2.4116887646939484
657,3.3333916425723475e-05,-1.9095119021004863e-09,-1.9095119021004863
658,3.333047348175883e-05,-5.352455866749323e-09,-5.352455866749323
659,3.3333111834579765e-05,-2.71410304581094e-09,-2.71410304581094
660,3.3329195844589155e-05,-6.630093036421431e-09,-6.630093036421431
661,3.333682284231004e-05,9.969046844672752e-10,0.9969046844672752
662,3.333212832030974e-05,-3.6976173158363495e-09,-3.6976173158363497
663,3.3338287001125066e-05,2.4610634994905395e-09,2.4610634994905394
664,3.333322478408368e-05,-2.601153541894447e-09,-2.601153541894447
665,3.333546118029079e-05,-3.647573347829785e-10,-0.3647573347829785
666,3.333104811589077e-05,-4.7778217348047386e-09,-4.777821734804738
667,3.3331437555059185e-05,-4.388382566391353e-09,-4.3883825663913525
668,3.3328687639035126e-05,-7.138298590449849e-09,-7.138298590449849
669,3.333726826675043e-05,1.442329124854585e-09,1.442329124854585
670,3.333175574617847e-05,-4.0701914471051375e-09,-4.070191447105137
671,3.3337635635552476e-05,1.8096979269001607e-09,1.8096979269001607
672,3.33318613786604e-05,-3.964558965176951e-09,-3.9645589651769515
673,3.3334350820084235e-05,-1.4751175413406153e-09,-1.4751175413406152
674,3.333057254079064e-05,-5.253396834938701e-09,-5.253396834938701
675,3.333270449300957e-05,-3.1214446160075576e-09,-3.1214446160075577
676,3.332925257825553e-05,-6.573359370045501e-09,-6.573359370045501
677,3.333220475047749e-05,-3.621187148086075e-09,-3.6211871480860753
678,3.332937041410772e-05,-6.4555235178585585e-09,-6.455523517858558
679,3.333637128998673e-05,5.45352361156653e-10,0.545352361156653
680,3.3332185833304107e-05,-3.64010432146939e-09,-3.6401043214693902
681,3.333749564479738e-05,1.6697071718009765e-09,1.6697071718009766
682,3.3333027108700675e-05,-2.7988289249013037e-09,-2.798828924901304
683,3.333606903747899e-05,2.4309985341213706e-10,0.24309985341213705
684,3.333229557125894e-05,-3.5303663666351242e-09,-3.5303663666351244
685,3.333685710413259e-05,1.0311665070130089e-09,1.031166507013009
686,3.3332851104773964e-05,-2.974832851611992e-09,-2.974832851611992
687,3.333514168429169e-05,-6.842533338845052e-10,-0.6842533338845053
688,3.333102055851772e-05,-4.805379107854896e-09,-4.805379107854896
689,3.333626185521993e-05,4.359175943526245e-10,0.4359175943526245
690,3.333107105198824e-05,-4.7548856373390075e-09,-4.754885637339007
691,3.333328372712163e-05,-2.5422105039439374e-09,-2.5422105039439375
692,3.3330016054912426e-05,-5.8098827131501446e-09,-5.809882713150144
693,3.333670081999418e-05,8.748823686046065e-10,0.8748823686046064
694,3.333140841146193e-05,-4.41752616364905e-09,-4.4175261636490495
695,3.33375200325739e-05,1.6940949483214502e-09,1.6940949483214502
696,3.3331803949522565e-05,-4.021988103011082e-09,-4.021988103011082
697,3.333622955878357e-05,4.0362115799402135e-10,0.4036211579940214
698,3.33314298634757e-05,-4.3960741498725925e-09,-4.396074149872592
699,3.333475539056552e-05,-1.0705470600578864e-09,-1.0705470600578864
700,3.333115736807446e-05,-4.6685695511160035e-09,-4.668569551116003
701,3.3328911981156395e-05,-6.913956469180977e-09,-6.9139564691809765
702,3.33273904207787e-05,-8.435516846873998e-09,-8.435516846873998
703,3.3335337841056134e-05,-4.88096569441882e-10,-0.488096569441882
704,3.3331321538918046e-05,-4.504398707529784e-09,-4.504398707529783
705,3.3336779750557655e-05,9.538129320786843e-10,0.9538129320786842
706,3.333287672441926e-05,-2.949213206317864e-09,-2.949213206317864
707,3.333714600056714e-05,1.3200629415656634e-09,1.3200629415656635
708,3.333307327609697e-05,-2.7526615286064876e-09,-2.7526615286064877
709,3.3338015592056236e-05,2.1896544306600424e-09,2.1896544306600423
710,3.33334187379436e-05,-2.407199681977285e-09,-2.407199681977285
711,3.333229374685026e-05,-3.532190775314809e-09,-3.532190775314809
712,3.3329444045569756e-05,-6.3818920558199104e-09,-6.38189205581991
713,3.333693332670251e-05,1.107389076935466e-09,1.1073890769354662
714,3.333185398603222e-05,-3.971951593353235e-09,-3.971951593353235
715,3.3334203026008646e-05,-1.6229116169295737e-09,-1.6229116169295736
716,3.3330693856074844e-05,-5.132081550731477e-09,-5.132081550731477
717,3.333739566205307e-05,1.5697244274949724e-09,1.5697244274949724
718,3.333212054476564e-05,-3.7053928599338265e-09,-3.7053928599338266
719,3.333162966389497e-05,-4.196273730607664e-09,-4.196273730607664
720,3.33283929713421e-05,-7.432966283473625e-09,-7.4329662834736245
721,3.3335781115487184e-05,-4.482213839180401e-11,-0.04482213839180401
722,3.3330861955997715e-05,-4.963981627861109e-09,-4.963981627861108
723,3.3337224953709776e-05,1.3990160842005045e-09,1.3990160842005046
724,3.333193308591165e-05,-3.892851713929008e-09,-3.892851713929008
725,3.333825451496547e-05,2.4285773398948158e-09,2.4285773398948156
726,3.333249369599084e-05,-3.3322416347368383e-09,-3.3322416347368384
727,3.333302100332752e-05,-2.804934298052792e-09,-2.804934298052792
728,3.3329799525465276e-05,-6.02641216030026e-09,-6.02641216030026
729,3.333753733808509e-05,1.711400459512174e-09,1.7114004595121741
730,3.3331980630657565e-05,-3.845306968010948e-09,-3.845306968010948
731,3.3334544593317805e-05,-1.281344307770666e-09,-1.2813443077706659
732,3.333020289329747e-05,-5.6230443281089565e-09,-5.623044328108956
733,3.333486739653252e-05,-9.58541093056659e-10,-0.958541093056659
734,3.333103712679225e-05,-4.788810833324781e-09,-4.7888108333247805
735,3.3336032302877516e-05,2.0636525194033754e-10,0.20636525194033753
736,3.333092755156142e-05,-4.898386064158106e-09,-4.898386064158106
737,3.333755252570708e-05,1.7265880815055474e-09,1.7265880815055474
738,3.3332079427475514e-05,-3.746510150062061e-09,-3.746510150062061
739,3.33368392101685e-05,1.0132725429247641e-09,1.0132725429247642
740,3.3332042240992454e-05,-3.783696633121564e-09,-3.7836966331215645
741,3.333402149319209e-05,-1.8044444334862136e-09,-1.8044444334862135
742,3.333057083940161e-05,-5.2550982239683635e-09,-5.255098223968363
743,3.3336110712857414e-05,2.847752318381686e-10,0.2847752318381686
744,3.333100811334089e-05,-4.817824284688416e-09,-4.817824284688416
745,3.333038828461782e-05,-5.437653007758065e-09,-5.4376530077580645
746,3.332829870081322e-05,-7.527236812356736e-09,-7.527236812356736
747,3.3334117331966506e-05,-1.708605659069668e-09,-1.7086056590696679
748,3.333070398009452e-05,-5.121957531053329e-09,-5.1219575310533285
749,3.333754040536069e-05,1.714467735112351e-09,1.7144677351123512
750,3.333213067639729e-05,-3.6952612282890656e-09,-3.695261228289066
751,3.333498261581108e-05,-8.433218144941529e-10,-0.8433218144941529
752,3.333029830000778e-05,-5.527637617799125e-09,-5.527637617799125
753,3.33365047435058e-05,6.788058802255576e-10,0.6788058802255575
754,3.333249405401001e-05,-3.3318836155669723e-09,-3.3318836155669724
755,3.3334317719041495e-05,-1.50821858408074e-09,-1.5082185840807398
756,3.3330651391286215e-05,-5.1745463393613805e-09,-5.17454633936138
757,3.33373680324045e-05,1.5420947789259115e-09,1.5420947789259116
758,3.333174474504791e-05,-4.081192577667209e-09,-4.081192577667209
759,3.3338379533218165e-05,2.5535955925894355e-09,2.5535955925894354
760,3.333238978209252e-05,-3.436155533056268e-09,-3.4361555330562683
761,3.333794286786845e-05,2.116930242877118e-09,2.116930242877118
762,3.3332161742144484e-05,-3.6641954810921534e-09,-3.6641954810921535
763,3.3332159188388666e-05,-3.666749236910078e-09,-3.666749236910078
764,3.3328836145193885e-05,-6.989792431690684e-09,-6.989792431690684
765,3.333389073362225e-05,-1.935204003324759e-09,-1.935204003324759
766,3.33297369346508e-05,-6.089002974776054e-09,-6.0890029747760535
767,3.333488718356564e-05,-9.387540599335503e-10,-0.9387540599335503
768,3.3331072528057504e-05,-4.753409568072193e-09,-4.753409568072192
769,3.3333896043027944e-05,-1.929894597631882e-09,-1.929894597631882
770,3.332964430072943e-05,-6.1816368961429896e-09,-6.181636896142989
771,3.3336806399622554e-05,9.804619969779266e-10,0.9804619969779266
772,3.3332863576950034e-05,-2.962360675542292e-09,-2.962360675542292
773,3.333735831298479e-05,1.5323753592124062e-09,1.5323753592124063
774,3.3333165470703086e-05,-2.660466922490396e-09,-2.660466922490396
775,3.333788375992075e-05,2.0578222951740882e-09,2.057822295174088
776,3.3333426484441486e-05,-2.39945318408969e-09,-2.39945318408969
777,3.333144699011609e-05,-4.3789475094889235e-09,-4.378947509488923
778,3.332887306459198e-05,-6.9528730335964356e-09,-6.952873033596435
779,3.3335934058180416e-05,1.0812055484049014e-10,0.10812055484049013
780,3.333234383342404e-05,-3.4821042015374453e-09,-3.4821042015374455
781,3.333726392695108e-05,1.4379893255013704e-09,1.4379893255013705
782,3.333320681640772e-05,-2.619121217852633e-09,-2.619121217852633
783,3.333211058223484e-05,-3.715355390734149e-09,-3.715355390734149
784,3.332919959366659e-05,-6.626343958984044e-09,-6.626343958984044
785,3.3335860651878546e-05,3.471425297013001e-11,0.03471425297013001
786,3.333226282084545e-05,-3.5631167801273905e-09,-3.5631167801273906
787,3.3337468787163205e-05,1.6428495376287705e-09,1.6428495376287706
788,3.333332730626193e-05,-2.498631363647536e-09,-2.498631363647536
789,3.333533260779786e-05,-4.933298277130576e-10,-0.4933298277130576
790,3.333148849655326e-05,-4.33744107231277e-09,-4.33744107231277
791,3.333576369762142e-05,-6.224000415261995e-11,-0.06224000415261995
792,3.3330941648361534e-05,-4.884289264042003e-09,-4.884289264042002
793,3.3333432161802845e-05,-2.3937758227308764e-09,-2.3937758227308765
794,3.332991662897966e-05,-5.90930864591483e-09,-5.909308645914829
795,3.3336891886823206e-05,1.0659491976296393e-09,1.0659491976296394
796,3.333184848150483e-05,-3.97745612074269e-09,-3.97745612074269
797,3.333463631286643e-05,-1.1896247591479175e-09,-1.1896247591479174
798,3.333015884974394e-05,-5.6670878816354525e-09,-5.667087881635452
799,3.333253631471189e-05,-3.2896229136845706e-09,-3.2896229136845707
800,3.3329600940483484e-05,-6.224997142092298e-09,-6.224997142092298
801,3.3331801007147055e-05,-4.024930478520989e-09,-4.0249304785209885
802,3.332913754328093e-05,-6.688394344647026e-09,-6.688394344647025
803,3.333792628869292e-05,2.1003510673446796e-09,2.1003510673446795
804,3.3332119546404526e-05,-3.7063912210498267e-09,-3.706391221049827
805,3.333705391526942e-05,1.22797764384524e-09,1.22797764384524
806,3.3331535824472625e-05,-4.29011315295142e-09,-4.290113152951419
807,3.333484891764049e-05,-9.770199850843214e-10,-0.9770199850843214
808,3.333113917486363e-05,-4.686762761942748e-09,-4.686762761942748
809,3.3337128210478295e-05,1.3022728527191602e-09,1.3022728527191603
810,3.333260287926437e-05,-3.223058361203463e-09,-3.223058361203463
811,3.3338390827392095e-05,2.564889766518857e-09,2.564889766518857
812,3.333374320566018e-05,-2.082731965393609e-09,-2.082731965393609
813,3.333285577367118e-05,-2.970163954398703e-09,-2.970163954398703
814,3.3329702259339566e-05,-6.123678286009521e-09,-6.123678286009521
815,3.3334425427730685e-05,-1.400509894890884e-09,-1.4005098948908838
816,3.333083941237103e-05,-4.986525254548741e-09,-4.986525254548741
817,3.333525242545099e-05,-5.735121745862942e-10,-0.5735121745862942
818,3.333081280638972e-05,-5.013131235855734e-09,-5.013131235855734
819,3.333813503428318e-05,2.3090966576024214e-09,2.309096657602421
820,3.3332208687515685e-05,-3.617250109890619e-09,-3.617250109890619
821,3.3338354856297936e-05,2.528918672359986e-09,2.528918672359986
822,3.3332375114859814e-05,-3.450822765762424e-09,-3.450822765762424
823,3.3329078638962006e-05,-6.747298663569551e-09,-6.747298663569551
824,3.332750721908584e-05,-8.31871853973693e-09,-8.318718539736931
825,3.333416451746507e-05,-1.661420160505695e-09,-1.6614201605056949
826,3.333078451284166e-05,-5.041424783915733e-09,-5.0414247839157325
827,3.3336966287898784e-05,1.1403502732078514e-09,1.1403502732078514
828,3.333171352254416e-05,-4.112415081416305e-09,-4.112415081416304
829,3.333735947879529e-05,1.5335411697160956e-09,1.5335411697160957
830,3.33317195819402e-05,-4.106355685375824e-09,-4.106355685375823
831,3.333898307342209e-05,3.1571357965144925e-09,3.1571357965144924
