offset_frequency_hz,phase_noise_dbc_per_hz
36.011712873802516,-41.94157090613074
72.02342574760503,-44.73861863908898
108.03513862140755,-51.73987188342879
144.04685149521006,-56.730928672300315
180.05856436901257,-61.604753047928995
216.0702772428151,-65.18831335311093
252.08199011661762,-67.35927573501604
288.0937029904201,-70.1594523080211
324.10541586422266,-72.66411086746643
360.11712873802514,-74.2660579434149
396.1288416118277,-75.41102788854538
432.1405544856302,-76.82762430374137
468.1522673594327,-78.73835097568
504.16398023323524,-79.87738522948004
540.1756931070378,-80.4632596798622
576.1874059808403,-81.87194062596421
612.1991188546427,-83.31692214928526
648.2108317284453,-83.99880958744626
684.2225446022478,-84.86755296329864
720.2342574760503,-86.96397852670634
756.2459703498529,-87.86559732676368
792.2576832236554,-86.56441664060553
828.2693960974578,-87.81607444027442
864.2811089712604,-89.6669016504971
900.2928218450629,-88.82761265102788
936.3045347188654,-89.38379683965694
972.3162475926679,-90.17519215971758
1008.3279604664705,-92.66410537823984
1044.339673340273,-91.52162937760728
1080.3513862140755,-92.64320655107431
1116.363099087878,-100.43425600024665
1152.3748119616805,-94.62631965878575
1188.386524835483,-94.28497323195768
1224.3982377092855,-95.86891194628613
1260.409950583088,-97.39517843540567
1296.4216634568907,-94.554810662423
1332.4333763306931,-91.76161354535948
1368.4450892044956,-94.76147147357275
1404.456802078298,-95.82737380794539
1440.4685149521006,-96.67176164548552
1476.480227825903,-102.21194034524672
1512.4919406997058,-103.13764958610142
1548.5036535735082,-98.76775140373954
1584.5153664473107,-112.17046774689685
1620.5270793211132,-102.78234953872305
1656.5387921949157,-98.49174243559615
1692.5505050687182,-98.18234999456449
1728.5622179425209,-99.82533638901067
1764.5739308163234,-98.84638010416106
1800.5856436901258,-95.03400997470457
1836.5973565639283,-96.99990394925216
1872.6090694377308,-98.66030267851023
1908.6207823115333,-102.10672901145266
1944.6324951853358,-104.17412989487346
1980.6442080591385,-101.12528796464227
2016.655920932941,-98.33516319443044
2052.667633806743,-105.95741309416559
2088.679346680546,-101.36924537950324
2124.6910595543486,-102.17227029370741
2160.702772428151,-101.53853624617591
2196.7144853019536,-97.61525381541605
2232.726198175756,-98.73483519421643
2268.7379110495585,-102.93535263617187
2304.749623923361,-109.94688721250998
2340.7613367971635,-97.16486607413628
2376.773049670966,-98.62776686475384
2412.7847625447685,-108.91142361891093
2448.796475418571,-104.7599230365177
2484.8081882923734,-108.13624672223987
2520.819901166176,-106.6515791007159
2556.831614039979,-98.1082140471535
2592.8433269137813,-100.01251105850606
2628.855039787584,-105.8201368912463
2664.8667526613863,-98.83344902187203
2700.8784655351888,-101.89996058654783
2736.8901784089912,-102.58746593819535
2772.9018912827937,-99.29451280082125
2808.913604156596,-107.48315542182289
2844.9253170303987,-102.70142600543709
2880.937029904201,-105.22566807350853
2916.9487427780036,-108.50605876247133
2952.960455651806,-99.87679088306652
2988.9721685256086,-101.0165622828845
3024.9838813994115,-117.90002626776396
3060.995594273214,-101.84502060747334
3097.0073071470165,-100.08890760663814
3133.019020020819,-104.55172198721232
3169.0307328946215,-121.14093749491681
3205.042445768424,-108.35840155940903
3241.0541586422264,-110.50869168053892
3277.065871516029,-112.70626676741566
3313.0775843898314,-110.62065280001491
3349.089297263634,-108.03588135713554
3385.1010101374363,-100.59183849990511
3421.112723011239,-102.26794915786606
3457.1244358850417,-108.18614218054753
3493.1361487588442,-104.19541001016225
3529.1478616326467,-105.26457070433537
3565.159574506449,-105.32827795508418
3601.1712873802517,-107.5188414932293
3637.183000254054,-105.76374973234586
3673.1947131278566,-105.11454830049031
3709.206426001659,-106.74155024738062
3745.2181388754616,-106.0983587816436
3781.229851749264,-106.90681182236597
3817.2415646230666,-117.37825308888908
3853.253277496869,-111.30421316374749
3889.2649903706715,-106.11946483582852
3925.2767032444744,-105.92084538161865
3961.288416118277,-110.13097835213985
3997.3001289920794,-114.92556834453626
4033.311841865882,-110.19059062825934
4069.3235547396844,-111.31112832928585
4105.335267613486,-109.72063842989522
4141.346980487289,-105.62778279464426
4177.358693361092,-106.97803572331594
4213.370406234894,-117.05257150340911
4249.382119108697,-116.17155324430458
4285.393831982499,-113.09458585366272
4321.405544856302,-123.47423206684769
4357.417257730104,-115.73612753782028
4393.428970603907,-111.02807224382902
4429.440683477709,-110.46211576994787
4465.452396351512,-112.93547334088859
4501.464109225314,-114.30291165926535
4537.475822099117,-114.02722098013457
4573.487534972919,-116.09443506493409
4609.499247846722,-113.06999236740118
4645.510960720525,-109.9706249704988
4681.522673594327,-107.64836353656933
4717.53438646813,-109.12774289367252
4753.546099341932,-107.84860243298016
4789.557812215735,-107.73057067873884
4825.569525089537,-109.91293740246526
4861.58123796334,-106.20616384309928
4897.592950837142,-101.14250438139646
4933.604663710945,-101.06837545874359
4969.616376584747,-101.71264689693409
5005.62808945855,-101.7522157123267
5041.639802332352,-102.0293356632501
5077.651515206155,-102.38710305550369
5113.663228079958,-104.58597201685745
5149.67494095376,-106.59433485001634
5185.686653827563,-105.40326942654573
5221.698366701365,-109.78580555304481
5257.710079575168,-115.53811937492742
5293.72179244897,-105.07277246596144
5329.7335053227725,-103.58121466473916
5365.745218196575,-106.23682815216183
5401.7569310703775,-109.01289587269615
5437.7686439441795,-110.96791431025274
5473.7803568179825,-114.5887341763155
5509.7920696917845,-106.81584512784127
5545.803782565587,-105.97450409674737
5581.81549543939,-111.51015259363899
5617.827208313192,-117.8808640068575
5653.838921186995,-110.43493822679113
5689.850634060797,-111.8693983627653
5725.8623469346,-119.96489889433418
5761.874059808402,-116.16773331952547
5797.885772682205,-112.86038235112787
5833.897485556007,-112.69576163474053
5869.90919842981,-114.93547288040723
5905.920911303612,-119.65465414146624
5941.932624177415,-141.0316987595531
5977.944337051217,-122.93052193421104
6013.95604992502,-118.12309600344248
6049.967762798823,-116.79510786974289
6085.979475672625,-133.41398486654998
6121.991188546428,-118.34206151777545
6158.00290142023,-118.18148984918837
6194.014614294033,-113.96760031182228
6230.026327167835,-113.25240039535197
6266.038040041638,-126.19272292716191
6302.04975291544,-112.65513523607922
6338.061465789243,-110.46613335772848
6374.073178663045,-112.1642755143556
6410.084891536848,-114.65993518769471
6446.09660441065,-114.35013280538894
6482.108317284453,-114.51158050168645
6518.120030158256,-117.75536513062066
6554.131743032058,-121.66447561472835
6590.143455905861,-116.17645874533311
6626.155168779663,-113.6533897310968
6662.166881653466,-114.45281790683867
6698.178594527268,-114.21680532769375
6734.190307401071,-114.79043826343312
6770.202020274873,-117.59606825457807
6806.213733148676,-119.46547235956537
6842.225446022478,-120.60926411650439
6878.237158896281,-124.2633230176144
6914.2488717700835,-125.325217869514
6950.2605846438855,-118.69584165455615
6986.2722975176885,-115.04290920248661
7022.2840103914905,-112.89933035424396
7058.295723265293,-114.1072471499007
7094.307436139095,-117.67738217493783
7130.319149012898,-121.64448482509044
7166.3308618867,-115.97363215773072
7202.342574760503,-114.22326709544846
7238.354287634305,-112.25832932177225
7274.366000508108,-109.72823912648445
7310.37771338191,-110.48777437908699
7346.389426255713,-113.33190682038905
7382.401139129516,-122.52942277849193
7418.412852003318,-118.01461725359812
7454.424564877121,-113.44914299678447
7490.436277750923,-113.53940803397457
7526.447990624726,-114.19447379603083
7562.459703498528,-117.16226641012675
7598.471416372331,-126.70918690626053
7634.483129246133,-114.66104005067581
7670.494842119936,-111.27366734860168
7706.506554993738,-111.28203698001634
7742.518267867541,-112.96928848907592
7778.529980741343,-115.51501948740608
7814.541693615146,-115.36919740831878
7850.553406488949,-119.59558564196803
7886.565119362751,-126.91952628058391
7922.576832236554,-121.31697242612952
7958.588545110356,-116.32860138790141
7994.600257984159,-115.10917044793217
8030.611970857961,-117.73613768494701
8066.623683731764,-120.28523041929704
8102.635396605566,-129.04126460992038
8138.647109479369,-133.232140939388
8174.658822353171,-124.27091262137999
8210.670535226973,-120.77409409387582
8246.682248100777,-119.57685974976013
8282.693960974579,-117.28653595951542
8318.70567384838,-116.95826931667102
8354.717386722185,-115.22240300467963
8390.729099595987,-116.34611258127453
8426.740812469789,-120.1150050710305
8462.75252534359,-120.55238181530774
8498.764238217394,-117.95289009306815
8534.775951091196,-117.33960587411828
8570.787663964999,-117.54477724808953
8606.7993768388,-116.58363127905398
8642.811089712604,-115.11153293920987
8678.822802586406,-115.09701055589879
8714.834515460208,-120.00115404968219
8750.84622833401,-120.57316922737985
8786.857941207814,-116.91517867709491
8822.869654081616,-120.15452031436014
8858.881366955418,-118.37550126667024
8894.893079829222,-122.12096801904303
8930.904792703024,-123.99337029280093
8966.916505576826,-119.28662239997144
9002.928218450628,-124.02793817793246
9038.939931324432,-130.3447799450012
9074.951644198234,-130.32637657907298
9110.963357072036,-120.86536547939231
9146.975069945838,-120.157599540311
9182.986782819642,-119.12393137226972
9218.998495693444,-118.5831331679612
9255.010208567246,-122.40927009262222
9291.02192144105,-119.85656121820591
9327.033634314852,-116.07402035074705
9363.045347188654,-120.5984563337793
9399.057060062456,-124.75569334213961
9435.06877293626,-114.63833334465318
9471.080485810062,-112.26182801101271
9507.092198683864,-114.92326601034974
9543.103911557666,-120.79807498274309
9579.11562443147,-115.97912009656326
9615.127337305272,-114.93387434964133
9651.139050179074,-111.9487007219013
9687.150763052878,-112.17080216462423
9723.16247592668,-118.34791410450873
9759.174188800482,-123.7770386644662
9795.185901674284,-114.35023332829745
9831.197614548088,-114.00965355645704
9867.20932742189,-113.71707610787247
9903.221040295692,-110.99595011227358
9939.232753169494,-110.05712039503416
9975.244466043298,-110.7336048843639
10011.2561789171,-111.93140884513959
10047.267891790902,-111.93600352372401
10083.279604664704,-111.27201423509207
10119.291317538507,-113.51239752610198
10155.30303041231,-117.95349718474235
10191.314743286111,-116.24205240832819
10227.326456159915,-116.13025183123565
10263.338169033717,-117.79504334286383
10299.34988190752,-118.68964343682622
10335.361594781321,-118.37174583477491
10371.373307655125,-121.82509072209264
10407.385020528927,-124.61782186655476
10443.39673340273,-127.94285497700128
10479.408446276531,-128.77866277089848
10515.420159150335,-132.20779998323775
10551.431872024137,-123.86755427086852
10587.44358489794,-124.53775108939176
10623.455297771743,-124.09795780164495
10659.467010645545,-125.39217126388854
10695.478723519347,-134.39644342713345
10731.49043639315,-124.25853223551742
10767.502149266953,-135.66319006015152
10803.513862140755,-121.12900485513109
10839.525575014557,-117.55126122047929
10875.537287888359,-119.75096932868479
10911.549000762163,-126.37054897412295
10947.560713635965,-125.11196237818407
10983.572426509767,-126.3381453633123
11019.584139383569,-130.85207582730027
11055.595852257373,-121.84763987101212
11091.607565131175,-118.15644618762857
11127.619278004977,-120.31404623732074
11163.63099087878,-138.1474267684955
11199.642703752583,-122.01840707161071
11235.654416626385,-119.13225162733258
11271.666129500187,-120.80027032793929
11307.67784237399,-121.90260121163043
11343.689555247793,-119.60383450209687
11379.701268121595,-121.19486026561714
11415.712980995397,-121.76903952346694
11451.7246938692,-119.36361406460512
11487.736406743003,-116.33480717083987
11523.748119616805,-117.49128054060901
11559.759832490608,-118.35834377652517
11595.77154536441,-114.71679630433121
11631.783258238213,-117.47624005987822
11667.794971112015,-130.55737510366015
11703.806683985818,-125.66654914195723
11739.81839685962,-129.07560092587548
11775.830109733422,-126.52448786178135
11811.841822607224,-128.29680847441492
11847.853535481028,-125.30483820662268
11883.86524835483,-116.85633636822405
11919.876961228632,-116.74311129075726
11955.888674102434,-124.45667317716274
11991.900386976238,-125.05449543551904
12027.91209985004,-117.55963731799078
12063.923812723842,-119.09256931156172
12099.935525597646,-144.95362861478282
12135.947238471448,-119.94417909408892
12171.95895134525,-122.25915096295638
12207.970664219052,-123.36579249922141
12243.982377092856,-119.49870496718347
12279.994089966658,-124.03002456016833
12316.00580284046,-118.61404790829948
12352.017515714262,-121.93219231365687
12388.029228588066,-122.6601461657758
12424.040941461868,-119.35406488941356
12460.05265433567,-121.6237301587337
12496.064367209474,-131.31164115739745
12532.076080083276,-126.06251029081724
12568.087792957078,-140.19666645365345
12604.09950583088,-123.96447856664483
12640.111218704684,-119.4204560539421
12676.122931578486,-122.87536893571414
12712.134644452288,-129.55919864466705
12748.14635732609,-120.64910142449521
12784.158070199894,-120.46986423836016
12820.169783073696,-122.05052262658737
12856.181495947498,-123.4161537467476
12892.1932088213,-121.2420160239696
12928.204921695104,-128.67380462713396
12964.216634568906,-125.49160105361429
13000.228347442708,-122.3917979504069
13036.240060316512,-123.7284476098403
13072.251773190314,-132.70224332271164
13108.263486064116,-123.66061796449185
13144.275198937918,-118.91918714071755
13180.286911811721,-118.42674980398462
13216.298624685523,-119.60217730087311
13252.310337559325,-123.15720872122117
13288.322050433128,-128.87727683286255
13324.333763306931,-127.00760655366402
13360.345476180733,-122.79308978110727
13396.357189054535,-129.55313650194816
13432.36890192834,-133.81231639818094
13468.380614802141,-129.28212510164664
13504.392327675943,-132.54560662949697
13540.404040549745,-124.47552996724414
13576.41575342355,-121.83203438185575
13612.427466297351,-118.33671437990424
13648.439179171153,-118.47847196806242
13684.450892044955,-122.41134831314135
13720.46260491876,-126.3217578272478
13756.474317792561,-125.24998159960695
13792.486030666363,-127.35474643521734
13828.497743540167,-124.16816393515003
13864.509456413969,-119.8660748655481
13900.521169287771,-121.26318777416074
13936.532882161573,-120.54749099852305
13972.544595035377,-120.2943382500485
14008.556307909179,-126.32549730147014
14044.568020782981,-123.8716244995054
14080.579733656783,-122.0220226973104
14116.591446530587,-122.38330670951825
14152.603159404389,-129.06622231202445
14188.61487227819,-127.71846123581153
14224.626585151993,-123.18630716439824
14260.638298025797,-121.16407364542277
14296.650010899599,-121.64476067428906
14332.6617237734,-118.08145596015859
14368.673436647205,-116.68943629515246
14404.685149521007,-117.87710882061842
14440.696862394809,-118.9656876849777
14476.70857526861,-118.71395419325864
14512.720288142415,-118.67616480300603
14548.732001016217,-117.2606801126176
14584.743713890019,-115.54330534688086
14620.75542676382,-116.67070064063137
14656.767139637624,-115.17385432899721
14692.778852511427,-114.42883473731116
14728.790565385229,-114.97816863760764
14764.802278259032,-114.53469854803055
14800.813991132834,-115.6346849351462
14836.825704006636,-122.72604417403335
14872.837416880438,-117.64810484032765
14908.849129754242,-108.68374883886818
14944.860842628044,-104.45316867752886
14980.872555501846,-96.30548041644798
