edge_number,actual_edge_time_s,ideal_edge_time_s,tie_s,tie_µs
0,0.013032227773031506,0.013032651817912482,-4.240448809769699e-07,-0.4240448809769699
1,0.013065567511988759,0.013065987643850108,-4.201318613498979e-07,-0.4201318613498979
2,0.01309891062113762,0.013099323469787733,-4.1284865011266504e-07,-0.412848650112665
3,0.013132247140836533,0.013132659295725359,-4.1215488882639885e-07,-0.41215488882639884
4,0.013165587844605846,0.013165995121662983,-4.072770571374863e-07,-0.4072770571374863
5,0.013198924341521801,0.01319933094760061,-4.066060788090321e-07,-0.4066060788090321
6,0.013232264346290948,0.013232666773538236,-4.0242724728863045e-07,-0.40242724728863044
7,0.013265600192451552,0.01326600259947586,-4.024070243090895e-07,-0.4024070243090895
8,0.01329893984544183,0.013299338425413487,-3.9857997165687565e-07,-0.39857997165687564
9,0.013332275484531805,0.013332674251351113,-3.9876681930880965e-07,-0.39876681930880964
10,0.013365614466741307,0.013366010077288737,-3.956105474312711e-07,-0.3956105474312711
11,0.013398948453103146,0.013399345903226363,-3.9745012321810947e-07,-0.39745012321810946
12,0.013432286854806397,0.013432681729163988,-3.94874357591279e-07,-0.394874357591279
13,0.013465622655621932,0.013466017555101614,-3.9489947968318574e-07,-0.39489947968318573
14,0.01349896191999611,0.01349935338103924,-3.914610431303418e-07,-0.3914610431303418
15,0.013532296983335754,0.013532689206976865,-3.9222364111163267e-07,-0.39222364111163266
16,0.013565636200233705,0.013566025032914491,-3.8883268078659895e-07,-0.38883268078659894
17,0.013598972016102813,0.013599360858852116,-3.888427493037995e-07,-0.3888427493037995
18,0.01363230941085454,0.013632696684789742,-3.872739352026029e-07,-0.3872739352026029
19,0.0136656431266114,0.013666032510727368,-3.8938411596883783e-07,-0.3893841159688378
20,0.0136989794516485,0.013699368336664993,-3.888850164935477e-07,-0.3888850164935477
21,0.013732312886974348,0.013732704162602619,-3.912756282715281e-07,-0.39127562827152806
22,0.013765648990927692,0.013766039988540245,-3.9099761255344213e-07,-0.3909976125534421
23,0.013798982457706548,0.01379937581447787,-3.933567713228221e-07,-0.3933567713228221
24,0.01383231760159463,0.013832711640415496,-3.9403882086640153e-07,-0.3940388208664015
25,0.013865649104202288,0.01386604746635312,-3.9836215083299776e-07,-0.39836215083299775
26,0.013898984608969352,0.013899383292290747,-3.986833213953651e-07,-0.3986833213953651
27,0.013932316669212429,0.013932719118228373,-4.024490159449524e-07,-0.4024490159449524
28,0.013965653092956795,0.013966054944165997,-4.018512092033434e-07,-0.4018512092033434
29,0.013998984564490636,0.013999390770103624,-4.062056129888049e-07,-0.40620561298880487
30,0.014032320271017435,0.01403272659604125,-4.063250238155176e-07,-0.4063250238155176
31,0.01406565272482883,0.014066062421978874,-4.0969715004481e-07,-0.40969715004481
32,0.014098988640786687,0.0140993982479165,-4.096071298139571e-07,-0.4096071298139571
33,0.01413232251777126,0.014132734073854125,-4.115560828667204e-07,-0.4115560828667204
34,0.014165659091266705,0.014166069899791751,-4.1080852504725386e-07,-0.41080852504725385
35,0.014198992778443997,0.014199405725729378,-4.129472853810208e-07,-0.41294728538102077
36,0.014232329311450301,0.014232741551667002,-4.122402167013729e-07,-0.4122402167013729
37,0.014265662980349205,0.014266077377604628,-4.143972554243587e-07,-0.4143972554243587
38,0.014298999645193978,0.014299413203542253,-4.1355834827574945e-07,-0.41355834827574944
39,0.014332333081141865,0.01433274902947988,-4.159483380148511e-07,-0.4159483380148511
40,0.0143656702937347,0.014366084855417505,-4.1456168280579143e-07,-0.4145616828057914
41,0.0143990044024861,0.01439942068135513,-4.162788690306031e-07,-0.41627886903060307
42,0.014432342177384469,0.014432756507292756,-4.143299082878106e-07,-0.4143299082878106
43,0.014465674283838303,0.01446609233323038,-4.1804939207822035e-07,-0.41804939207822034
44,0.014499009067162616,0.014499428159168007,-4.190920053916132e-07,-0.4190920053916132
45,0.014532338384215153,0.014532763985105633,-4.2560089048050654e-07,-0.42560089048050653
46,0.01456567142620788,0.014566099811043258,-4.283848353780341e-07,-0.42838483537803407
47,0.014598998189670864,0.014599435636980884,-4.374473100202804e-07,-0.43744731002028037
48,0.014632329910341788,0.01463277146291851,-4.415525767232499e-07,-0.4415525767232499
49,0.014665657137327408,0.014666107288856135,-4.5015152872682164e-07,-0.4501515287268216
50,0.014698991417015025,0.01469944311479376,-4.5169777873679774e-07,-0.45169777873679773
51,0.014732323858732198,0.014732778940731387,-4.550819991892825e-07,-0.4550819991892825
52,0.014765663201346455,0.014766114766669012,-4.515653225570927e-07,-0.4515653225570927
53,0.014799001026699787,0.014799450592606638,-4.4956590685117604e-07,-0.44956590685117603
54,0.014832344442614826,0.014832786418544262,-4.419759294372462e-07,-0.4419759294372462
55,0.014865685681799072,0.014866122244481889,-4.365626828171927e-07,-0.4365626828171927
56,0.014899028951909149,0.014899458070419515,-4.291185103668517e-07,-0.42911851036685167
57,0.014932364165039586,0.01493279389635714,-4.29731317553791e-07,-0.429731317553791
58,0.014965700096873558,0.014966129722294766,-4.296254212082791e-07,-0.42962542120827907
59,0.014999028043540405,0.01499946554823239,-4.37504691985779e-07,-0.437504691985779
60,0.01503235870175863,0.015032801374170016,-4.4267241138748426e-07,-0.44267241138748425
61,0.015065683286466241,0.015066137200107643,-4.539136414020285e-07,-0.4539136414020285
62,0.015099010920291292,0.015099473026045267,-4.621057539753999e-07,-0.4621057539753999
63,0.01513233335844862,0.015132808851982893,-4.75493534274687e-07,-0.475493534274687
64,0.01516566178387708,0.015166144677920518,-4.828940434385e-07,-0.4828940434385
65,0.01519898866815021,0.015199480503858144,-4.918357079341375e-07,-0.4918357079341375
66,0.015232324538414417,0.01523281632979577,-4.91791381353537e-07,-0.491791381353537
67,0.015265660963681578,0.015266152155733395,-4.911920518178843e-07,-0.49119205181788433
68,0.015299004961338448,0.015299487981671021,-4.830203325738993e-07,-0.48302033257389926
69,0.015332349160361143,0.015332823807608646,-4.746472475031234e-07,-0.47464724750312337
70,0.015365697420773644,0.015366159633546272,-4.622127726280202e-07,-0.4622127726280202
71,0.015399040480483368,0.015399495459483898,-4.54979000531069e-07,-0.454979000531069
72,0.015432384445765217,0.015432831285421524,-4.468396563081507e-07,-0.4468396563081507
73,0.015465720948837833,0.015466167111359149,-4.46162521315976e-07,-0.446162521315976
74,0.015499058242245253,0.015499502937296775,-4.4469505152272505e-07,-0.44469505152272504
75,0.015532389319877219,0.0155328387632344,-4.494433571811114e-07,-0.4494433571811114
76,0.015565723198037909,0.015566174589172026,-4.5139113411737887e-07,-0.45139113411737886
77,0.015599050587025575,0.015599510415109652,-4.598280840772263e-07,-0.4598280840772263
78,0.015632381611680745,0.015632846241047278,-4.646293665339081e-07,-0.4646293665339081
79,0.01566570641156014,0.0156661820669849,-4.756554247600793e-07,-0.47565542476007927
80,0.015699035942097754,0.015699517892922527,-4.819508247738687e-07,-0.4819508247738687
81,0.015732360806669645,0.015732853718860153,-4.929121905090924e-07,-0.49291219050909235
82,0.01576568948326929,0.01576618954479778,-5.000615284918293e-07,-0.5000615284918294
83,0.015799014115057783,0.015799525370735406,-5.112556776237783e-07,-0.5112556776237783
84,0.015832343908240346,0.01583286119667303,-5.172884326831713e-07,-0.5172884326831714
85,0.015865670504572025,0.015866197022610655,-5.265180386307407e-07,-0.5265180386307408
86,0.01589900383282472,0.01589953284854828,-5.290157235611489e-07,-0.5290157235611489
87,0.015932336226698735,0.015932868674485907,-5.324477871736229e-07,-0.532447787173623
88,0.01596567623661835,0.015966204500423534,-5.282638051828932e-07,-0.5282638051828933
89,0.015999014881079285,0.015999540326361156,-5.254452818723162e-07,-0.5254452818723162
90,0.016032359303995415,0.016032876152298783,-5.168483033682332e-07,-0.5168483033682333
91,0.016065701395133043,0.01606621197823641,-5.105831033670734e-07,-0.5105831033670735
92,0.01609904630963809,0.016099547804174035,-5.014945359475827e-07,-0.5014945359475828
93,0.016132385689222525,0.01613288363011166,-4.979408891367383e-07,-0.49794088913673834
94,0.016165727573770345,0.016166219456049288,-4.918822789433393e-07,-0.4918822789433393
95,0.016199063758023633,0.01619955528198691,-4.915239632780062e-07,-0.49152396327800624
96,0.0162324025601728,0.016232891107924537,-4.885477517369004e-07,-0.4885477517369004
97,0.016265735054417006,0.016266226933862163,-4.918794451580496e-07,-0.49187944515804954
98,0.016299071880883854,0.01629956275979979,-4.908789159360768e-07,-0.49087891593607674
99,0.01633240292251511,0.016332898585737412,-4.956632223038212e-07,-0.49566322230382115
100,0.016365737211405617,0.016366234411675038,-4.972002694218765e-07,-0.4972002694218765
101,0.01639906718621339,0.016399570237612664,-5.0305139927681e-07,-0.5030513992768101
102,0.016432401890619782,0.01643290606355029,-5.041729305092775e-07,-0.5041729305092776
103,0.016465731119992468,0.016466241889487917,-5.107694954493976e-07,-0.5107694954493976
104,0.016499064401982785,0.016499577715425543,-5.133134427591498e-07,-0.5133134427591498
105,0.016532393472693793,0.016532913541363166,-5.200686693733466e-07,-0.5200686693733466
106,0.016565726305787645,0.016566249367300792,-5.230615131482371e-07,-0.5230615131482371
107,0.016599055155174444,0.01659958519323842,-5.300380639748633e-07,-0.5300380639748633
108,0.016632388115137165,0.016632921019176045,-5.329040388801772e-07,-0.5329040388801772
109,0.01666571670035942,0.01666625684511367,-5.401447542512091e-07,-0.5401447542512091
110,0.016699050342259925,0.016699592671051294,-5.423287913690341e-07,-0.5423287913690341
111,0.01673237855489147,0.01673292849698892,-5.499420974518217e-07,-0.5499420974518218
112,0.016765712417378308,0.016766264322926546,-5.519055482391951e-07,-0.5519055482391951
113,0.0167990410337513,0.016799600148864172,-5.591151128719881e-07,-0.5591151128719881
114,0.016832374256978623,0.0168329359748018,-5.617178231762106e-07,-0.5617178231762107
115,0.016865703291044573,0.016866271800739425,-5.685096948523923e-07,-0.5685096948523923
116,0.01689903649407987,0.016899607626677048,-5.711325971782806e-07,-0.5711325971782807
117,0.01693236580187687,0.016932943452614674,-5.776507378062175e-07,-0.5776507378062176
118,0.016965700287242712,0.0169662792785523,-5.789913095882722e-07,-0.5789913095882723
119,0.016999029845757553,0.016999615104489926,-5.852587323738885e-07,-0.5852587323738886
120,0.01703236459154853,0.01703295093042755,-5.863388790196263e-07,-0.5863388790196263
121,0.01706569500811218,0.017066286756365175,-5.917482529961545e-07,-0.5917482529961545
122,0.017099030976048576,0.0170996225823028,-5.916062542257735e-07,-0.5916062542257735
123,0.017132362392320334,0.017132958408240428,-5.96015920094339e-07,-0.596015920094339
124,0.01716569814833743,0.017166294234178054,-5.960858406255095e-07,-0.5960858406255095
125,0.017199030685772363,0.01719963006011568,-5.993743433178874e-07,-0.5993743433178874
126,0.017232367172252162,0.017232965886053307,-5.987138011448452e-07,-0.5987138011448453
127,0.0172657001713782,0.01726630171199093,-6.015406127282681e-07,-0.6015406127282682
128,0.01729903719632951,0.017299637537928556,-6.003415990447898e-07,-0.6003415990447899
129,0.017332370536967928,0.017332973363866182,-6.028268982542769e-07,-0.6028268982542769
130,0.017365707582900906,0.017366309189803805,-6.016069028995371e-07,-0.6016069028995371
131,0.017399041055183362,0.01739964501574143,-6.039605580696046e-07,-0.6039605580696047
132,0.01743237797129561,0.017432980841679057,-6.028703834488887e-07,-0.6028703834488888
133,0.017465711412033,0.017466316667616683,-6.052555836841274e-07,-0.6052555836841275
134,0.017499048191334347,0.01749965249355431,-6.043022199628264e-07,-0.6043022199628264
135,0.01753238156491014,0.017532988319491936,-6.067545817972638e-07,-0.6067545817972638
136,0.017565718261371106,0.017566324145429562,-6.058840584563515e-07,-0.6058840584563515
137,0.017599051557176684,0.017599659971367185,-6.084141905011993e-07,-0.6084141905011994
138,0.017632388156526138,0.01763299579730481,-6.076407786735623e-07,-0.6076407786735624
139,0.017665721422669558,0.017666331623242437,-6.10200572880026e-07,-0.610200572880026
140,0.017699058057649843,0.017699667449180063,-6.093915302207705e-07,-0.6093915302207705
141,0.01773239135244614,0.017733003275117686,-6.119226715485534e-07,-0.6119226715485534
142,0.0177657280444449,0.017766339101055312,-6.110566104125522e-07,-0.6110566104125522
143,0.017799061427240307,0.01779967492699294,-6.134997526323345e-07,-0.6134997526323346
144,0.017832398073814145,0.017833010752930565,-6.126791164205721e-07,-0.6126791164205722
145,0.017865731553214664,0.01786634657886819,-6.150256535275563e-07,-0.6150256535275563
146,0.017899068363300186,0.017899682404805817,-6.14041505632434e-07,-0.6140415056324341
147,0.017932401937282,0.01793301823074344,-6.162934614417633e-07,-0.6162934614417633
148,0.017965738881417708,0.017966354056681066,-6.151752633590242e-07,-0.6151752633590243
149,0.017999072492506478,0.017999689882618693,-6.173901122154265e-07,-0.6173901122154265
150,0.018032409629111804,0.01803302570855632,-6.160794445160541e-07,-0.6160794445160541
151,0.018065743152874056,0.01806636153449394,-6.183816198865318e-07,-0.6183816198865318
152,0.01809908079165175,0.018099697360431568,-6.165687798174998e-07,-0.6165687798174998
153,0.01813241403028116,0.018133033186369194,-6.191560880358656e-07,-0.6191560880358656
154,0.018165752093505336,0.01816636901230682,-6.169188014853995e-07,-0.6169188014853996
155,0.0181990851577025,0.018199704838244447,-6.196805419467207e-07,-0.6196805419467207
156,0.018232423462738602,0.018233040664182073,-6.172014434716041e-07,-0.6172014434716041
157,0.018265756633388492,0.0182663764901197,-6.198567312078181e-07,-0.6198567312078181
158,0.018299094937840606,0.018299712316057322,-6.173782167169513e-07,-0.6173782167169514
159,0.018332428612633626,0.018333048141994948,-6.195293613231452e-07,-0.6195293613231453
160,0.01836576669417485,0.018366383967932574,-6.172737577234129e-07,-0.617273757723413
161,0.018399101368718408,0.0183997197938702,-6.184251517937774e-07,-0.6184251517937774
162,0.01843243918266094,0.018433055619807823,-6.1643714688378e-07,-0.61643714688378
163,0.018465773760624422,0.01846639144574545,-6.17685121027944e-07,-0.617685121027944
164,0.018499112448594795,0.018499727271683076,-6.148230882817292e-07,-0.6148230882817293
165,0.018532446299614622,0.018533063097620702,-6.167980060804708e-07,-0.6167980060804709
166,0.01856578508091027,0.01856639892355833,-6.138426480596644e-07,-0.6138426480596645
167,0.018599119859495923,0.018599734749495955,-6.148900000321752e-07,-0.6148900000321752
168,0.018632458369217213,0.018633070575433577,-6.122062163646521e-07,-0.6122062163646521
169,0.018665793716718164,0.018666406401371204,-6.126846530403459e-07,-0.6126846530403459
170,0.01869913279186697,0.01869974222730883,-6.09435441858985e-07,-0.609435441858985
171,0.018732467274520527,0.018733078053246456,-6.107787259297666e-07,-0.6107787259297667
172,0.018765806410464554,0.01876641387918408,-6.074687195253832e-07,-0.6074687195253833
173,0.018799142373681934,0.018799749705121705,-6.073314397718462e-07,-0.6073314397718462
174,0.01883248164756084,0.01883308553105933,-6.038834984921356e-07,-0.6038834984921356
175,0.0188658165719415,0.018866421356996958,-6.047850554566355e-07,-0.6047850554566355
176,0.01889915598720368,0.018899757182934584,-6.011957309037804e-07,-0.6011957309037804
177,0.0189324923418496,0.01893309300887221,-6.00667022611356e-07,-0.6006670226113561
178,0.018965831915231216,0.018966428834809836,-5.969195786208189e-07,-0.5969195786208189
179,0.01899916724635668,0.01899976466074746,-5.974143907808145e-07,-0.5974143907808146
180,0.01903250693070575,0.019033100486685085,-5.935559793363017e-07,-0.5935559793363018
181,0.019065843661256236,0.01906643631262271,-5.926513664759877e-07,-0.5926513664759877
182,0.01909918359038091,0.019099772138560338,-5.885481794289101e-07,-0.5885481794289101
183,0.019132519868213956,0.01913310796449796,-5.880962840050515e-07,-0.5880962840050515
184,0.019165859786443654,0.019166443790435587,-5.840039919338676e-07,-0.5840039919338676
185,0.019199196241970484,0.019199779616373213,-5.833744027301798e-07,-0.5833744027301798
186,0.01923253639067715,0.01923311544231084,-5.790516336916237e-07,-0.5790516336916237
187,0.019265873767271405,0.019266451268248466,-5.775009770607461e-07,-0.5775009770607461
188,0.019299214023624015,0.019299787094186092,-5.730705620779482e-07,-0.5730705620779483
189,0.019332551407300093,0.019333122920123715,-5.715128236223606e-07,-0.5715128236223607
190,0.019365891898831724,0.01936645874606134,-5.668472296174728e-07,-0.5668472296174728
191,0.01939922873397191,0.019399794571998967,-5.658380270591453e-07,-0.5658380270591453
192,0.019432569498057863,0.019433130397936593,-5.608998787313964e-07,-0.5608998787313965
193,0.01946590692065065,0.019466466223874216,-5.593032235656766e-07,-0.5593032235656766
194,0.019499247693801573,0.019499802049811842,-5.543560102704011e-07,-0.5543560102704012
195,0.01953258571374292,0.01953313787574947,-5.521620065486451e-07,-0.5521620065486451
196,0.01956592656057168,0.019566473701687095,-5.471411154152335e-07,-0.5471411154152336
197,0.01959926492212146,0.01959980952762472,-5.446055032609639e-07,-0.5446055032609639
198,0.019632605811384832,0.019633145353562347,-5.39542177516172e-07,-0.5395421775161721
199,0.01966594442261418,0.019666481179499973,-5.367568857932155e-07,-0.5367568857932156
200,0.019699285428615192,0.019699817005437596,-5.315768224045666e-07,-0.5315768224045666
201,0.01973262426132695,0.019733152831375222,-5.28570048272808e-07,-0.5285700482728081
202,0.01976596540125198,0.01976648865731285,-5.232560608699196e-07,-0.5232560608699196
203,0.019799304445590107,0.019799824483250475,-5.200376603689546e-07,-0.5200376603689546
204,0.019832645757552815,0.019833160309188098,-5.145516352833553e-07,-0.5145516352833553
205,0.01986598499685166,0.019866496135125724,-5.111382740646815e-07,-0.5111382740646816
206,0.01989932643882934,0.01989983196106335,-5.055222340115402e-07,-0.5055222340115403
207,0.019932665862600753,0.019933167787000976,-5.019244002237018e-07,-0.5019244002237019
208,0.019966007578837514,0.019966503612938603,-4.960341010898369e-07,-0.49603410108983687
209,0.0199993471816649,0.01999983943887623,-4.922572113305597e-07,-0.4922572113305597
210,0.020032689417202244,0.02003317526481385,-4.858476116080531e-07,-0.48584761160805306
211,0.020066029220158228,0.020066511090751478,-4.818705932510544e-07,-0.48187059325105436
212,0.02009937186362874,0.020099846916689104,-4.7505306036560403e-07,-0.475053060365604
213,0.020132711952605287,0.02013318274262673,-4.7079002144373395e-07,-0.47079002144373394
214,0.020166054026603368,0.020166518568564353,-4.64541960985831e-07,-0.464541960985831
215,0.02019939430512615,0.02019985439450198,-4.600893758310849e-07,-0.4600893758310849
216,0.020232736439556875,0.020233190220439606,-4.537808827316521e-07,-0.45378088273165207
217,0.020266076977777773,0.020266526046377232,-4.4906859945972833e-07,-0.4490685994597283
218,0.020299419945806675,0.020299861872314858,-4.419265081836983e-07,-0.4419265081836983
219,0.02033276100796022,0.020333197698252484,-4.366902922645073e-07,-0.4366902922645073
220,0.02036610366406056,0.02036653352419011,-4.298601295513178e-07,-0.4298601295513178
221,0.020399444568783735,0.020399869350127733,-4.247813439994803e-07,-0.4247813439994803
222,0.02043278715945051,0.02043320517606536,-4.180166148511073e-07,-0.4180166148511073
223,0.020466128559631206,0.020466541002002986,-4.124423717805077e-07,-0.4124423717805077
224,0.020499472219043635,0.02049987682794061,-4.046088969741897e-07,-0.40460889697418967
225,0.020532813639764082,0.020533212653878235,-3.9901411415313405e-07,-0.39901411415313404
226,0.020566156438443402,0.02056654847981586,-3.92041372460072e-07,-0.392041372460072
227,0.02059949826478402,0.020599884305753487,-3.860409694696194e-07,-0.3860409694696194
228,0.020632842296847514,0.020633220131691114,-3.778348436005159e-07,-0.3778348436005159
229,0.02066618412276238,0.02066655595762874,-3.718348663597766e-07,-0.3718348663597766
230,0.020699527286135687,0.020699891783566366,-3.644974306798994e-07,-0.36449743067989937
231,0.02073286999120636,0.02073322760950399,-3.5761829762850873e-07,-0.3576182976285087
232,0.02076621384457664,0.020766563435441615,-3.49590864975879e-07,-0.349590864975879
233,0.020799556052096265,0.02079989926137924,-3.432092829769302e-07,-0.3432092829769302
234,0.02083290031100933,0.020833235087316868,-3.3477630753744837e-07,-0.33477630753744836
235,0.020866243269157925,0.02086657091325449,-3.276440965663259e-07,-0.32764409656632587
236,0.020899586788286167,0.020899906739192117,-3.199509059505219e-07,-0.3199509059505219
237,0.020932930306822594,0.020933242565129743,-3.1225830714950954e-07,-0.31225830714950953
238,0.02096627444683626,0.02096657839106737,-3.039442311107694e-07,-0.3039442311107694
239,0.020999617420147852,0.020999914217004995,-2.96796857143788e-07,-0.296796857143788
240,0.021032962486071772,0.02103325004294262,-2.875568708503302e-07,-0.2875568708503302
241,0.021066305554393303,0.021066585868880248,-2.803144869459313e-07,-0.2803144869459313
242,0.021099650498035843,0.02109992169481787,-2.7119678202847065e-07,-0.27119678202847064
243,0.02113299422108908,0.021133257520755497,-2.6329966641772074e-07,-0.26329966641772073
244,0.021166338649887793,0.021166593346693123,-2.5469680533102236e-07,-0.25469680533102235
245,0.02119968322010703,0.021199929172630746,-2.459525237162581e-07,-0.2459525237162581
246,0.021233027540635795,0.021233264998568372,-2.3745793257812188e-07,-0.23745793257812187
247,0.02126637252435637,0.021266600824506,-2.2830014962948964e-07,-0.22830014962948963
248,0.021299716965765,0.021299936650443625,-2.1968467862620812e-07,-0.2196846786262081
249,0.021333062199882933,0.02133327247638125,-2.1027649831847862e-07,-0.2102764983184786
250,0.021366406827643413,0.021366608302318877,-2.0147467546457977e-07,-0.20147467546457976
251,0.021399752284571753,0.021399944128256503,-1.9184368475130787e-07,-0.19184368475130786
252,0.021433097044196478,0.02143327995419413,-1.8290999765219152e-07,-0.1829099976521915
253,0.021466442709169867,0.021466615780131752,-1.7307096188551264e-07,-0.17307096188551263
254,0.021499787686400682,0.02149995160606938,-1.639196686969986e-07,-0.1639196686969986
255,0.021533133475513958,0.021533287432007,-1.5395649304444882e-07,-0.1539564930444488
256,0.021566478810594775,0.021566623257944628,-1.444473498528327e-07,-0.1444473498528327
257,0.021599824526251202,0.021599959083882254,-1.3455763105199537e-07,-0.13455763105199536
258,0.02163317064488563,0.02163329490981988,-1.242649342494957e-07,-0.12426493424949571
259,0.021666515962935944,0.021666630735757506,-1.1477282156335767e-07,-0.11477282156335768
260,0.021699862650459856,0.021699966561695132,-1.0391123527672642e-07,-0.10391123527672642
261,0.021733208016439166,0.02173330238763276,-9.437119359301206e-08,-0.09437119359301206
262,0.02176655464110824,0.021766638213570385,-8.357246214576964e-08,-0.08357246214576965
263,0.021799901163804647,0.021799974039508008,-7.287570336147976e-08,-0.07287570336147976
264,0.021833247055938712,0.021833309865445634,-6.280950692258381e-08,-0.06280950692258382
265,0.021866593952910632,0.02186664569138326,-5.173847262840382e-08,-0.051738472628403816
266,0.02189994073602465,0.021899981517320883,-4.078129623302741e-08,-0.040781296233027405
267,0.021933286872746156,0.02193331734325851,-3.04705123535527e-08,-0.030470512353552703
268,0.021966634115881244,0.021966653169196135,-1.9053314891797745e-08,-0.019053314891797745
269,0.021999981204797247,0.02199998899513376,-7.79033651546147e-09,-0.0077903365154614705
270,0.02203332759782249,0.022033324821071388,2.7767511026626124e-09,0.0027767511026626124
271,0.02206667496497817,0.022066660647009014,1.4317969156824474e-08,0.014317969156824473
272,0.02210002261308541,0.02209999647294664,2.614013876814413e-08,0.02614013876814413
273,0.022133369565433256,0.022133332298884263,3.726654899186043e-08,0.03726654899186043
274,0.022166716845736695,0.02216666812482189,4.872091480534512e-08,0.04872091480534512
275,0.02220006469975623,0.022200003950759516,6.074899671429422e-08,0.06074899671429423
276,0.022233412809349252,0.02223333977669714,7.303265211269826e-08,0.07303265211269826
277,0.02226676039230041,0.022266675602634765,8.478966564556866e-08,0.08478966564556865
278,0.022300107970024362,0.02230001142857239,9.654145197088336e-08,0.09654145197088336
279,0.0223334559695637,0.022333347254510017,1.0871505368090272e-07,0.10871505368090272
280,0.02236680450199194,0.022366683080447643,1.214215442975346e-07,0.12142154429753459
281,0.022400152853770283,0.02240001890638527,1.339473850128785e-07,0.1339473850128785
282,0.022433501416774294,0.022433354732322896,1.466844513971226e-07,0.1466844513971226
283,0.022466849167220748,0.022466690558260522,1.5860896022540415e-07,0.15860896022540416
284,0.022500197789247063,0.022500026384198145,1.7140504891752272e-07,0.17140504891752273
285,0.022533546234291362,0.02253336221013577,1.840241555903237e-07,0.1840241555903237
286,0.022566895398207384,0.022566698036073397,1.9736213398569057e-07,0.19736213398569058
287,0.022600244172146663,0.02260003386201102,2.1031013564265554e-07,0.21031013564265555
288,0.022633593619279982,0.022633369687948646,2.2393133133485942e-07,0.22393133133485943
289,0.022666942475949928,0.022666705513886273,2.3696206365442273e-07,0.23696206365442274
290,0.022700292109292326,0.0227000413398239,2.507694684260324e-07,0.2507694684260324
291,0.022733640832124154,0.022733377165761525,2.6366636262792386e-07,0.26366636262792387
292,0.02276699073422836,0.02276671299169915,2.777425292074813e-07,0.2777425292074813
293,0.022800339350160865,0.022800048817636778,2.9053252408664564e-07,0.29053252408664565
294,0.02283368967232211,0.0228333846435744,3.050287477074369e-07,0.30502874770743693
295,0.0228670385126541,0.022866720469512027,3.18043142071706e-07,0.31804314207170603
296,0.022900389159937824,0.022900056295449653,3.3286448817004865e-07,0.33286448817004866
297,0.022933738177548523,0.022933392121387276,3.460561612468609e-07,0.3460561612468609
298,0.02296708908265236,0.022966727947324902,3.6113532745768494e-07,0.36113532745768495
299,0.023000438221210093,0.023000063773262528,3.7444794756466603e-07,0.37444794756466604
300,0.023033789614856442,0.023033399599200154,3.9001565628749057e-07,0.3900156562874906
301,0.02306713880326077,0.02306673542513778,4.033781229900728e-07,0.4033781229900728
302,0.02310049069831962,0.023100071251075407,4.1944724421122447e-07,0.4194472442112245
303,0.023133839943570787,0.023133407077013033,4.328665577535422e-07,0.4328665577535422
304,0.023167192083270397,0.02316674290295066,4.4918031973720284e-07,0.44918031973720285
305,0.023200541583143334,0.023200078728888282,4.628542550511043e-07,0.46285425505110434
306,0.023233893602742552,0.02323341455482591,4.790479166433274e-07,0.4790479166433274
307,0.023267243268968115,0.02326675038076353,4.928882045833475e-07,0.49288820458334753
308,0.02330059536931441,0.023300086206701157,5.091626132512632e-07,0.5091626132512631
309,0.023333945084344585,0.023333422032638784,5.230517058009424e-07,0.5230517058009424
310,0.023367297716920678,0.02336675785857641,5.398583442672859e-07,0.5398583442672859
311,0.023400647433573927,0.023400093684514036,5.537490598901688e-07,0.5537490598901688
312,0.02343400138430268,0.023433429510451662,5.718738510164527e-07,0.5718738510164526
313,0.023467351091695784,0.02346676533638929,5.857553064946012e-07,0.5857553064946012
314,0.02350070447644937,0.023500101162326915,6.033141224548459e-07,0.6033141224548458
315,0.023534054298715357,0.023533436988264538,6.173104508185038e-07,0.6173104508185038
316,0.023567407911353647,0.023566772814202164,6.350971514829111e-07,0.635097151482911
317,0.023600757729609397,0.02360010864013979,6.490894696065123e-07,0.6490894696065123
318,0.02363411277847795,0.023633444466077413,6.683124005375799e-07,0.6683124005375799
319,0.023667462626217512,0.02366678029201504,6.82334202472407e-07,0.682334202472407
320,0.023700816763767913,0.023700116117952665,7.006458152471199e-07,0.7006458152471199
321,0.023734166633331475,0.02373345194389029,7.146894411828867e-07,0.7146894411828867
322,0.023767522555288582,0.023766787769827918,7.34785460663329e-07,0.734785460663329
323,0.023800872413444585,0.023800123595765544,7.488176790401705e-07,0.7488176790401705
324,0.02383422751232582,0.02383345942170317,7.680906226492649e-07,0.7680906226492649
325,0.023867577327087153,0.023866795247640796,7.820794463563045e-07,0.7820794463563044
326,0.023900933942875836,0.02390013107357842,8.028692974157429e-07,0.8028692974157429
327,0.023934283740735737,0.023933466899516045,8.168412196911394e-07,0.8168412196911393
328,0.02396763898093576,0.023966802725453668,8.362554820902372e-07,0.8362554820902371
329,0.024000987985933444,0.024000138551391294,8.494345421487807e-07,0.8494345421487807
330,0.024034319653549224,0.02403347437732892,8.452762203021994e-07,0.8452762203021994
331,0.024067653934138716,0.024066810203266547,8.437308721680196e-07,0.8437308721680196
332,0.024100978545951827,0.024100146029204173,8.325167476536114e-07,0.8325167476536114
333,0.024134308860134762,0.0241334818551418,8.270049929620664e-07,0.8270049929620663
334,0.024167644111836282,0.024166817681079426,8.264307568554844e-07,0.8264307568554844
335,0.024200980416945555,0.024200153507017052,8.2690992850229e-07,0.82690992850229
336,0.024234307610655367,0.024233489332954675,8.182777006912615e-07,0.8182777006912615
337,0.024267639265865164,0.0242668251588923,8.14106972862189e-07,0.8141069728621889
338,0.024300980165468868,0.024300160984829927,8.191806389397375e-07,0.8191806389397375
339,0.024334319328037368,0.02433349681076755,8.225172698175802e-07,0.8225172698175801
340,0.024367654382471994,0.024366832636705176,8.217457668172061e-07,0.821745766817206
341,0.024400989809739405,0.024400168462642802,8.213470966023099e-07,0.8213470966023099
342,0.02443431229059088,0.02443350428858043,8.080020104515865e-07,0.8080020104515865
343,0.02446763935843815,0.024466840114518055,7.992439200944782e-07,0.7992439200944782
344,0.024500970713317027,0.02450017594045568,7.9477286134555e-07,0.7947728613455499
345,0.02453430358231898,0.024533511766393307,7.918159256735395e-07,0.7918159256735394
346,0.024567643531902883,0.024566847592330934,7.959395719486788e-07,0.7959395719486787
347,0.024600981783373926,0.024600183418268556,7.983651053686262e-07,0.7983651053686261
348,0.024634306598367104,0.024633519244206183,7.873541609207394e-07,0.7873541609207394
349,0.024667635645169557,0.024666855070143805,7.805750257508519e-07,0.7805750257508518
350,0.024700969617133445,0.02470019089608143,7.787210520124325e-07,0.7787210520124325
351,0.024734303865419888,0.024733526722019058,7.771434008291282e-07,0.7771434008291281
352,0.024767643386385537,0.024766862547956684,7.808384288522656e-07,0.7808384288522655
353,0.02480098061538608,0.02480019837389431,7.822414917681157e-07,0.7822414917681156
354,0.024834308159229494,0.024833534199831937,7.739593975562846e-07,0.7739593975562845
355,0.02486763821019538,0.024866870025769563,7.68184425815888e-07,0.768184425815888
356,0.024900974641143273,0.02490020585170719,7.687894360834672e-07,0.7687894360834672
357,0.024934309595574636,0.024933541677644812,7.679179298239473e-07,0.7679179298239472
358,0.024967646162756776,0.024966877503582438,7.686591743376329e-07,0.7686591743376329
359,0.025000981931416102,0.025000213329520064,7.686018960374745e-07,0.7686018960374744
360,0.025034309209812023,0.025033549155457687,7.60054354335266e-07,0.7600543543352659
361,0.02506763861841943,0.025066884981395313,7.536370241159611e-07,0.753637024115961
362,0.025100975182438534,0.02510022080733294,7.543751055938412e-07,0.7543751055938411
363,0.02513431019139537,0.025133556633270566,7.535581248017957e-07,0.7535581248017956
364,0.025167641198656894,0.025166892459208192,7.48739448701297e-07,0.7487394487012969
365,0.025200972357052275,0.02520022828514582,7.440719064562288e-07,0.7440719064562288
366,0.025234301172205004,0.025233564111083445,7.370611215591631e-07,0.737061121559163
367,0.025267630974761295,0.02526689993702107,7.310377402237892e-07,0.7310377402237892
368,0.025300970597212053,0.025300235762958694,7.348342533589073e-07,0.7348342533589073
369,0.025334306586024573,0.02533357158889632,7.349971282530347e-07,0.7349971282530346
370,0.025367643216422,0.025366907414833943,7.358015880573613e-07,0.7358015880573613
371,0.025400976628666347,0.02540024324077157,7.333878947773935e-07,0.7333878947773934
372,0.02543431158782455,0.025433579066709195,7.325211153548509e-07,0.7325211153548509
373,0.025467644178856406,0.02546691489264682,7.292862095845124e-07,0.7292862095845124
374,0.025500975421675866,0.025500250718584448,7.247030914182832e-07,0.7247030914182832
375,0.025534306307342138,0.025533586544522074,7.197628200630861e-07,0.719762820063086
376,0.02556764456062013,0.0255669223704597,7.221901604299867e-07,0.7221901604299866
377,0.025600979437379275,0.025600258196397326,7.212409819476466e-07,0.7212409819476465
378,0.02563430771575946,0.02563359402233495,7.136934245109698e-07,0.7136934245109697
379,0.025667636689737823,0.025666929848272575,7.068414652471048e-07,0.7068414652471048
380,0.025700970492354203,0.0257002656742102,7.048181440004468e-07,0.7048181440004467
381,0.025734302580048947,0.025733601500147824,7.010799011220041e-07,0.701079901122004
382,0.02576763863701495,0.02576693732608545,7.013109294989887e-07,0.7013109294989887
383,0.02580097298653249,0.025800273152023077,6.998345094121065e-07,0.6998345094121065
384,0.025834306288109624,0.025833608977960703,6.973101489206327e-07,0.6973101489206327
385,0.025867638247820273,0.02586694480389833,6.934439219431769e-07,0.6934439219431768
386,0.025900967702502872,0.025900280629835955,6.870726669161446e-07,0.6870726669161445
387,0.02593429693908386,0.02593361645577358,6.804833102759537e-07,0.6804833102759537
388,0.025967635816583956,0.025966952281711204,6.835348727508854e-07,0.6835348727508853
389,0.026000971339678193,0.02600028810764883,6.832320293616305e-07,0.6832320293616304
390,0.0260343063965125,0.026033623933586457,6.824629260424046e-07,0.6824629260424045
391,0.026067639390453846,0.02606695975952408,6.79630929766029e-07,0.6796309297660289
392,0.02610097665944016,0.026100295585461706,6.810739784535173e-07,0.6810739784535172
393,0.026134311206237458,0.026133631411399332,6.797948381251366e-07,0.6797948381251365
394,0.026167644841066855,0.02616696723733696,6.776037298962538e-07,0.6776037298962537
395,0.026200976336599298,0.026200303063274585,6.732733247125093e-07,0.6732733247125092
396,0.026234311803527186,0.02623363888921221,6.729143149739051e-07,0.6729143149739051
397,0.026267643850381203,0.026266974715149837,6.691352313653591e-07,0.669135231365359
398,0.026300975011340873,0.026300310541087463,6.644702534093498e-07,0.6644702534093497
399,0.026334305026808457,0.026333646367025086,6.586597833702083e-07,0.6586597833702083
400,0.026367639832130637,0.026366982192962712,6.57639167923885e-07,0.657639167923885
401,0.026400972244678144,0.026400318018900335,6.542257778081876e-07,0.6542257778081876
402,0.026434297486743624,0.02643365384483796,6.436419056614355e-07,0.6436419056614354
403,0.026467624366246806,0.026466989670775588,6.346954712174728e-07,0.6346954712174727
404,0.026500961841037667,0.026500325496713214,6.363443244519766e-07,0.6363443244519765
405,0.026534294991214236,0.02653366132265084,6.336685633948073e-07,0.6336685633948073
406,0.026567633595978062,0.026566997148588466,6.36447389595202e-07,0.636447389595202
407,0.026600967097553337,0.026600332974526093,6.341230272433055e-07,0.6341230272433055
408,0.026634303463263807,0.02663366880046372,6.346628000877822e-07,0.6346628000877822
409,0.026667635494559156,0.02666700462640134,6.308681578137691e-07,0.630868157813769
410,0.026700969204925366,0.026700340452338968,6.28752586397802e-07,0.628752586397802
411,0.026734300623544337,0.026733676278276594,6.243452677419385e-07,0.6243452677419384
412,0.02676763400744057,0.026767012104214217,6.219032263533878e-07,0.6219032263533878
413,0.026800964769542274,0.026800347930151843,6.168393904298912e-07,0.6168393904298911
414,0.026834301669508853,0.02683368375608947,6.179134193824713e-07,0.6179134193824712
415,0.026867634185107323,0.026867019582027096,6.146030802269002e-07,0.6146030802269001
416,0.02690096943692772,0.026900355407964722,6.140289629974486e-07,0.6140289629974486
417,0.02693430189226674,0.026933691233902348,6.1065836439167e-07,0.61065836439167
418,0.026967637569054983,0.026967027059839974,6.105092150078543e-07,0.6105092150078543
419,0.027000970671550564,0.0270003628857776,6.077857729630546e-07,0.6077857729630546
420,0.027034301773972445,0.027033698711715223,6.030622572213155e-07,0.6030622572213155
421,0.027067630838741388,0.02706703453765285,5.963010885373658e-07,0.5963010885373657
422,0.027100965561416192,0.027100370363590472,5.951978257194572e-07,0.5951978257194571
423,0.02713429718643574,0.0271337061895281,5.909969076407788e-07,0.5909969076407787
424,0.027167635524924946,0.027167042015465725,5.93509459220765e-07,0.5935094592207649
425,0.027200969139260393,0.02720037784140335,5.912978570415954e-07,0.5912978570415953
426,0.0272343020127407,0.027233713667340977,5.883453997213021e-07,0.5883453997213021
427,0.02726763191615038,0.027267049493278604,5.824228717740691e-07,0.582422871774069
428,0.027300968583273143,0.02730038531921623,5.832640569129747e-07,0.5832640569129747
429,0.02733430219711438,0.027333721145153856,5.810519605249646e-07,0.5810519605249646
430,0.027367636025553834,0.02736705697109148,5.790544623546227e-07,0.5790544623546227
431,0.02740096705664763,0.027400392797029105,5.742596185236152e-07,0.5742596185236152
432,0.027434302574853592,0.02743372862296673,5.739518868605468e-07,0.5739518868605468
433,0.02746763381756108,0.027467064448904354,5.693686567248561e-07,0.569368656724856
434,0.02750096819400962,0.02750040027484198,5.679191676405408e-07,0.5679191676405407
435,0.027534299847366633,0.027533736100779607,5.637465870261819e-07,0.5637465870261819
436,0.027567636629201704,0.027567071926717233,5.647024844707142e-07,0.5647024844707141
437,0.027600969625144366,0.02760040775265486,5.618724895066489e-07,0.5618724895066488
438,0.02763430078107531,0.027633743578592485,5.572024828232051e-07,0.5572024828232051
439,0.027667629236053915,0.02766707940453011,5.498315238029742e-07,0.5498315238029742
440,0.0277009666824065,0.027700415230467738,5.514519387614384e-07,0.5514519387614384
441,0.0277343002160162,0.02773375105640536,5.491596108402056e-07,0.5491596108402056
442,0.02776763767568847,0.027767086882342987,5.507933454843021e-07,0.550793345484302
443,0.027800971469988167,0.02780042270828061,5.487617075569666e-07,0.5487617075569665
444,0.027834303952974152,0.027833758534218236,5.454187559157668e-07,0.5454187559157667
445,0.027867633852779114,0.027867094360155862,5.394926232513146e-07,0.5394926232513145
446,0.027900968684493186,0.027900430186093488,5.384983996971352e-07,0.5384983996971352
447,0.02793430062404266,0.027933766012031114,5.346120115448664e-07,0.5346120115448664
448,0.02796763534424717,0.02796710183796874,5.335062784286863e-07,0.5335062784286863
449,0.028000966522822753,0.028000437663906367,5.288589163848782e-07,0.5288589163848781
450,0.028034304040636567,0.028033773489843993,5.305507925726375e-07,0.5305507925726375
451,0.028067636293755218,0.028067109315781616,5.269779736014061e-07,0.5269779736014061
452,0.028100968990989413,0.028100445141719242,5.238492701696577e-07,0.5238492701696577
453,0.028134298710658753,0.02813378096765687,5.177430018835087e-07,0.5177430018835086
454,0.02816763436295006,0.02816711679359449,5.175693555674325e-07,0.5175693555674324
455,0.028200965645004742,0.028200452619532117,5.130254726239129e-07,0.5130254726239128
456,0.028234302384990705,0.028233788445469744,5.139395209609325e-07,0.5139395209609324
457,0.02826763411791979,0.02826712427140737,5.09846512417728e-07,0.5098465124177279
458,0.028300971298553235,0.028300460097344996,5.112012082385268e-07,0.5112012082385268
459,0.028334303609660983,0.028333795923282622,5.076863783599898e-07,0.5076863783599898
460,0.028367637327343334,0.02836713174922025,5.055781230847715e-07,0.5055781230847715
461,0.02840096805471437,0.028400467575157875,5.004795564950152e-07,0.5004795564950152
462,0.02843430270546239,0.028433803401095498,4.993043668931333e-07,0.49930436689313334
463,0.028467633225428307,0.028467139227033124,4.939983951825215e-07,0.4939983951825215
464,0.02850096995008341,0.028500475052970747,4.948971126614303e-07,0.49489711266143027
465,0.0285343026606094,0.028533810878908373,4.917817010278995e-07,0.4917817010278995
466,0.02856763840604296,0.028567146704846,4.917011969592104e-07,0.4917011969592104
467,0.028600970909431617,0.028600482530783625,4.883786479906175e-07,0.48837864799061753
468,0.028634304913548663,0.02863381835672125,4.86556827410806e-07,0.486556827410806
469,0.028667635519321874,0.028667154182658878,4.813366629954911e-07,0.4813366629954911
470,0.028700970222185037,0.028700490008596504,4.802135885322027e-07,0.4802135885322027
471,0.02873430121162677,0.02873382583453413,4.7537709263745275e-07,0.47537709263745276
472,0.028767634886949518,0.028767161660471757,4.7322647776029724e-07,0.47322647776029725
473,0.028800965320919983,0.028800497486409376,4.678345106062802e-07,0.46783451060628023
474,0.028834302757958133,0.028833833312347002,4.694456111301042e-07,0.4694456111301042
475,0.02886763478606102,0.02886716913828463,4.656477763924365e-07,0.4656477763924365
476,0.028900970702239567,0.028900504964222255,4.6573801731134056e-07,0.46573801731134057
477,0.028934302316977342,0.02893384079015988,4.6152681746070056e-07,0.46152681746070057
478,0.028967637527711167,0.028967176616097507,4.609116136596041e-07,0.4609116136596041
479,0.029000969371223543,0.029000512442035133,4.569291884089226e-07,0.4569291884089226
480,0.02903430479072373,0.02903384826797276,4.5652275096966276e-07,0.45652275096966277
481,0.029067635886999444,0.029067184093910386,4.5179308905754544e-07,0.45179308905754545
482,0.029100971505747107,0.029100519919848012,4.5158589909444257e-07,0.4515858990944426
483,0.02913430261343828,0.02913385574578564,4.468676526411812e-07,0.4468676526411812
484,0.029167635747443934,0.029167191571723258,4.441757206756496e-07,0.4441757206756496
485,0.029200965949249362,0.029200527397660884,4.3855158847749863e-07,0.43855158847749864
486,0.029234302051929312,0.02923386322359851,4.3882833080100036e-07,0.43882833080100037
487,0.029267633333710977,0.029267199049536136,4.342841748397612e-07,0.43428417483976123
488,0.029300966572475322,0.029300534875473763,4.316970015585957e-07,0.4316970015585957
489,0.029334296791204577,0.02933387070141139,4.2608979318736794e-07,0.42608979318736795
490,0.029367634571970072,0.029367206527349015,4.2804462105638973e-07,0.42804462105638974
491,0.02940096684460697,0.02940054235328664,4.244913203263483e-07,0.4244913203263483
492,0.02943430451672793,0.029433878179224267,4.2633750366102884e-07,0.42633750366102885
493,0.029467636645193373,0.029467214005161894,4.226400314784333e-07,0.4226400314784333
494,0.029500966502375724,0.029500549831099513,4.166712762106177e-07,0.4166712762106177
495,0.02953429456805841,0.02953388565703714,4.089110212684992e-07,0.4089110212684992
496,0.029567629341969725,0.029567221482974766,4.078589949586824e-07,0.4078589949586824
497,0.029600960656482822,0.029600557308912392,4.0334757042959123e-07,0.40334757042959124
498,0.029634296483787854,0.029633893134850018,4.033489378357795e-07,0.4033489378357795
499,0.029667628259731335,0.029667228960787644,3.9929894369017437e-07,0.3992989436901744
500,0.029700962822310065,0.02970056478672527,3.9803558479351063e-07,0.39803558479351064
501,0.02973429306635907,0.029733900612662897,3.9245369617205194e-07,0.39245369617205195
502,0.02976763013819834,0.029767236438600523,3.9369959781779306e-07,0.39369959781779307
503,0.029800962762597773,0.02980057226453815,3.904980596235179e-07,0.3904980596235179
504,0.029834301416035446,0.029833908090475775,3.9332555967011617e-07,0.3933255596701162
505,0.029867634362510474,0.029867243916413395,3.9044609707814025e-07,0.39044609707814026
506,0.029900968486001434,0.02990057974235102,3.8874365041186064e-07,0.38874365041186065
507,0.029934299125816816,0.029933915568288647,3.8355752816840493e-07,0.38355752816840494
508,0.029967635863616632,0.029967251394226273,3.844693903583278e-07,0.38446939035832783
509,0.030000967852957923,0.0300005872201639,3.806327940225622e-07,0.3806327940225622
510,0.030034297844510904,0.030033923046101526,3.7479840937701446e-07,0.3747984093770145
511,0.03006762577292107,0.030067258872039152,3.6690088191862523e-07,0.36690088191862524
512,0.03010096215671183,0.03010059469797678,3.674587350503693e-07,0.3674587350503693
513,0.03013429354351307,0.030133930523914405,3.630195986654987e-07,0.3630195986654987
514,0.03016762903116799,0.03016726634985203,3.6268131595809704e-07,0.36268131595809705
515,0.030200960891231823,0.03020060217578965,3.587154421724752e-07,0.3587154421724752
516,0.030234295706245844,0.030233938001727276,3.577045185672316e-07,0.3577045185672316
517,0.03026762663581873,0.030267273827664903,3.5280815382648977e-07,0.3528081538264898
518,0.030300962226483662,0.03030060965360253,3.525728811328015e-07,0.3525728811328015
519,0.03033429300705855,0.030333945479540155,3.4752751839409223e-07,0.34752751839409224
520,0.030367630272525002,0.03036728130547778,3.4896704722009496e-07,0.348967047220095
521,0.030400962887211322,0.030400617131415408,3.4575579591356086e-07,0.34575579591356087
522,0.030434301034830635,0.030433952957353034,3.4807747760073936e-07,0.34807747760073937
523,0.03046763378802576,0.03046728878329066,3.4500473509932505e-07,0.34500473509932506
524,0.030500968768581157,0.030500624609228286,3.441593528698277e-07,0.3441593528698277
525,0.03053430017960871,0.030533960435165913,3.3974444279688586e-07,0.33974444279688587
526,0.030567633123443686,0.030567296261103532,3.36862340153538e-07,0.336862340153538
527,0.030600962684845412,0.030600632087041158,3.3059780425309703e-07,0.33059780425309704
528,0.030634298353609986,0.030633967912978784,3.3044063120074617e-07,0.3304406312007462
529,0.03066763055455213,0.03066730373891641,3.2681563571987414e-07,0.32681563571987415
530,0.030700968572560213,0.030700639564854037,3.2900770617558294e-07,0.32900770617558295
531,0.030734302263545784,0.030733975390791663,3.2687275412016147e-07,0.3268727541201615
532,0.030767637919244792,0.03076731121672929,3.267025155018204e-07,0.3267025155018204
533,0.030800969954019094,0.030800647042666916,3.229113521775744e-07,0.3229113521775744
534,0.030834301933342342,0.030833982868604542,3.190647377998572e-07,0.3190647377998572
535,0.030867630591993066,0.030867318694542168,3.1189745089699227e-07,0.3118974508969923
536,0.030900966413296312,0.030900654520479787,3.118928165242456e-07,0.3118928165242456
537,0.03093429817446203,0.030933990346417414,3.078280446162933e-07,0.3078280446162933
538,0.030967632924973204,0.03096732617235504,3.0675261816354204e-07,0.30675261816354205
539,0.03100096322622889,0.031000661998292666,3.0122793622244836e-07,0.30122793622244837
540,0.03103430007656359,0.031033997824230292,3.022523332965603e-07,0.3022523332965603
541,0.031067632536653345,0.03106733365016792,2.988864854253097e-07,0.2988864854253097
542,0.03110097070133038,0.031100669476105545,3.012252248357776e-07,0.3012252248357776
543,0.03113430361814992,0.03113400530204317,2.983161067469935e-07,0.2983161067469935
544,0.031167636964747336,0.031167341127980797,2.958367665381605e-07,0.2958367665381605
545,0.031200967096788094,0.031200676953918424,2.901428696702739e-07,0.2901428696702739
546,0.031234300743048383,0.031234012779856043,2.87963192339286e-07,0.287963192339286
547,0.03126763038514863,0.03126734860579367,2.817793549630969e-07,0.2817793549630969
548,0.03130096624022911,0.0313006844317313,2.8180849781095406e-07,0.2818084978109541
549,0.03133429789030323,0.031334020257668925,2.7763263430874473e-07,0.27763263430874474
550,0.03136763362518128,0.03136735608360655,2.7754157473219897e-07,0.277541574732199
551,0.03140096446542121,0.03140069190954418,2.725558770372287e-07,0.2725558770372287
552,0.03143430241666249,0.031434027735481804,2.746811806855769e-07,0.2746811806855769
553,0.03146763462019907,0.03146736356141943,2.710587796397883e-07,0.2710587796397883
554,0.03150096614748825,0.031500699387357056,2.667601311956429e-07,0.2667601311956429
555,0.03153429513218388,0.03153403521329468,2.599188891991293e-07,0.2599188891991293
556,0.03156763213127533,0.03156737103923231,2.6109204302321486e-07,0.26109204302321487
557,0.031600963833022064,0.03160070686516993,2.569678521385792e-07,0.2569678521385792
558,0.03163430248766805,0.031634042691107554,2.597965604964063e-07,0.2597965604964063
559,0.03166763510379974,0.03166737851704518,2.565867545614724e-07,0.2565867545614724
560,0.03170097100494625,0.03170071434298281,2.566619634492011e-07,0.2566619634492011
561,0.03173430225612205,0.03173405016892043,2.5208720162289743e-07,0.25208720162289744
562,0.03176763266777728,0.03176738599485806,2.466729192254773e-07,0.2466729192254773
563,0.03180096054945181,0.031800721820795685,2.3872865612395476e-07,0.23872865612395477
564,0.03183429540749537,0.03183405764673331,2.3776076206044649e-07,0.2377607620604465
565,0.03186762632485511,0.03186739347267094,2.3285218417601382e-07,0.23285218417601383
566,0.031900961584233556,0.031900729298608564,2.3228562499449977e-07,0.23228562499449978
567,0.031934292205819934,0.03193406512454618,2.27081273752872e-07,0.22708127375287201
568,0.03196762885603291,0.03196740095048381,2.279055491022368e-07,0.22790554910223682
569,0.03200096163727335,0.032000736776421436,2.2486085191342252e-07,0.22486085191342253
570,0.03203429837978041,0.03203407260235906,2.2577742135182531e-07,0.22577742135182532
571,0.03206763123810359,0.03206740842829669,2.228098069059774e-07,0.2228098069059774
572,0.0321009688894292,0.032100744254234315,2.2463519488563665e-07,0.22463519488563666
573,0.03213430225792324,0.03213408008017194,2.2217775130367644e-07,0.22217775130367645
574,0.03216763328883433,0.03216741590610957,2.1738272476812303e-07,0.21738272476812304
575,0.03220096180116104,0.03220075173204719,2.1006911384985382e-07,0.21006911384985383
576,0.032234295597476474,0.03223408755798482,2.080394916573196e-07,0.2080394916573196
577,0.032267626008742806,0.032267423383922446,2.0262482036265172e-07,0.20262482036265173
578,0.032300963693294146,0.032300759209860065,2.0448343408391344e-07,0.20448343408391345
579,0.03233429563613112,0.03233409503579769,2.0060033343039007e-07,0.20060033343039008
580,0.03236763248419774,0.03236743086173532,2.0162246242294611e-07,0.20162246242294612
581,0.03240096390608012,0.032400766687672944,1.9721840717745786e-07,0.19721840717745787
582,0.032434301799035094,0.03243410251361057,1.9928542452640795e-07,0.19928542452640796
583,0.032467634071980715,0.032467438339548196,1.9573243252163407e-07,0.19573243252163408
584,0.032500970896409895,0.03250077416548582,1.9673092407496194e-07,0.19673092407496195
585,0.03253430282981461,0.03253410999142345,1.9283839116091038e-07,0.1928383911609104
586,0.03256763226330117,0.032567445817361075,1.864459400993672e-07,0.1864459400993672
587,0.03260095908725237,0.0326007816432987,1.7744395367225206e-07,0.17744395367225207
588,0.03263429417192059,0.03263411746923632,1.7670268427222345e-07,0.17670268427222346
589,0.03266762485398505,0.03266745329517395,1.715588111045334e-07,0.17155881110453342
590,0.03270096316905281,0.03270078912111157,1.7404794124265032e-07,0.17404794124265033
591,0.03273429549697458,0.0327341249470492,1.7054992538650992e-07,0.17054992538650993
592,0.032767631774323236,0.032767460772986826,1.7100133641312397e-07,0.17100133641312398
593,0.032800962981270526,0.03280079659892445,1.663823460770768e-07,0.1663823460770768
594,0.03283430087714551,0.03283413242486208,1.6845228343748174e-07,0.16845228343748175
595,0.03286763352921798,0.032867468250799704,1.6527841828067923e-07,0.16527841828067924
596,0.032900966837145613,0.03290080407673733,1.6276040828572301e-07,0.16276040828572302
597,0.03293429689586765,0.03293413990267496,1.5699319269868494e-07,0.15699319269868495
598,0.03296763429631702,0.03296747572861258,1.585677044418925e-07,0.1585677044418925
599,0.033000966149418325,0.0330008115545502,1.5459486812502464e-07,0.15459486812502465
600,0.03303430412626563,0.03303414738048783,1.567457778045571e-07,0.15674577780455712
601,0.03306763626123593,0.033067483206425455,1.530548104811129e-07,0.1530548104811129
602,0.03310096595674181,0.03310081903236308,1.469243787285972e-07,0.1469243787285972
603,0.033134293830186984,0.03313415485830071,1.3897188627931588e-07,0.1389718862793159
604,0.033167627258460765,0.033167490684238334,1.3657422243407201e-07,0.13657422243407202
605,0.0332009574772721,0.03320082651017596,1.3096709614302026e-07,0.13096709614302027
606,0.03323429461282354,0.033234162336113586,1.3227670995624762e-07,0.13227670995624763
607,0.03326762631914269,0.03326749816205121,1.281570914835055e-07,0.12815709148350551
608,0.033300964643672014,0.03330083398798884,1.3065568317816067e-07,0.13065568317816068
609,0.033334297058827136,0.03333416981392646,1.272449006814451e-07,0.12724490068144512
610,0.03336763451786467,0.033367505639864084,1.2887800058675224e-07,0.12887800058675225
611,0.0334009663435073,0.03340084146580171,1.2487770559566113e-07,0.12487770559566112
612,0.0334343000956629,0.033434177291739337,1.2280392356761637e-07,0.12280392356761637
613,0.03346762984111985,0.03346751311767696,1.1672344289309676e-07,0.11672344289309676
614,0.03350096297618279,0.03350084894361459,1.1403256820335982e-07,0.11403256820335982
615,0.033534292519599496,0.033534184769552215,1.0775004728319536e-07,0.10775004728319536
616,0.033567627969847136,0.03356752059548984,1.0737435729713018e-07,0.10737435729713017
617,0.03360095981421296,0.03360085642142747,1.033927854957044e-07,0.1033927854957044
618,0.033634296737780324,0.033634192247365094,1.0449041523280566e-07,0.10449041523280565
619,0.03366762905776171,0.03366752807330272,1.009844589922042e-07,0.10098445899220419
620,0.03370096741252789,0.03370086389924034,1.0351328755542387e-07,0.10351328755542387
621,0.033734301039999796,0.033734199725177966,1.0131482183345407e-07,0.10131482183345407
622,0.0337676377001722,0.03376753555111559,1.0214905661193362e-07,0.10214905661193362
623,0.033800970382181626,0.03380087137705322,9.900512841082331e-08,0.0990051284108233
624,0.03383429698489641,0.033834207202990844,8.978190556563391e-08,0.08978190556563391
625,0.03386762342091178,0.03386754302892847,8.039198330922525e-08,0.08039198330922524
626,0.033900957372431234,0.0339008788548661,7.851756513993545e-08,0.07851756513993545
627,0.033934288021591125,0.03393421468080372,7.334078740428617e-08,0.07334078740428616
628,0.03396762637827581,0.03396755050674135,7.587153446064797e-08,0.07587153446064797
629,0.03400095951910641,0.034000886332678976,7.318642743503511e-08,0.0731864274350351
630,0.03403429795737829,0.034034222158616595,7.579876170060772e-08,0.07579876170060772
631,0.0340676316900151,0.03406755798455422,7.370546088320039e-08,0.07370546088320039
632,0.034100968001164356,0.03410089381049185,7.419067251102128e-08,0.07419067251102128
633,0.0341343004719591,0.034134229636429474,7.083552963221872e-08,0.07083552963221872
634,0.0341676342729742,0.0341675654623671,6.881060710395336e-08,0.06881060710395336
635,0.03420096437556507,0.034200901288304726,6.308726034909328e-08,0.06308726034909327
636,0.034234299584937664,0.03423423711424235,6.247069531395465e-08,0.062470695313954654
637,0.03426763095450607,0.03426757294017998,5.8014326095868086e-08,0.05801432609586809
638,0.03430096716275093,0.034300908766117605,5.839663333034916e-08,0.05839663333034916
639,0.03433429932875463,0.03433424459205523,5.4736699404978485e-08,0.05473669940497849
640,0.03436763636535529,0.03436758041799286,5.5947362433140125e-08,0.05594736243314013
641,0.0344009685871973,0.03440091624393048,5.234326682784828e-08,0.05234326682784828
642,0.034434304595529514,0.0344342520698681,5.252566141339442e-08,0.052525661413394424
643,0.034467635702779505,0.03446758789580573,4.780697377831976e-08,0.047806973778319765
644,0.03450096959547566,0.034500923721743355,4.5873732308632665e-08,0.04587373230863267
645,0.034534299697213076,0.03453425954768098,4.014953209757798e-08,0.04014953209757798
646,0.03456763271674169,0.03456759537361861,3.734312308267861e-08,0.03734312308267861
647,0.03460096215140963,0.034600931199556234,3.0951853395578145e-08,0.030951853395578145
648,0.034634293221930054,0.03463426702549386,2.619643619666866e-08,0.02619643619666866
649,0.03466762176267581,0.03466760285143149,1.8911244323294597e-08,0.018911244323294597
650,0.03470095763266417,0.03470093867736911,1.8955295058576284e-08,0.018955295058576283
651,0.03473428979768318,0.03473427450330673,1.5294376448649495e-08,0.015294376448649494
652,0.03476762746805114,0.03476761032924436,1.7138806786276984e-08,0.017138806786276984
653,0.03480096066029253,0.034800946155181985,1.450511054601521e-08,0.01450511054601521
654,0.03483429807582301,0.03483428198111961,1.609470339919471e-08,0.01609470339919471
655,0.0348676312845303,0.03486761780705724,1.3477473063961288e-08,0.013477473063961288
656,0.034900969302879656,0.03490095363299486,1.566988479528896e-08,0.015669884795288958
657,0.03493430271712852,0.03493428945893249,1.3258196029930936e-08,0.013258196029930936
658,0.03496763663355424,0.034967625284870116,1.1348684127166376e-08,0.011348684127166376
659,0.035000967107036,0.03500096111080774,5.996228259752979e-09,0.005996228259752979
660,0.03503430021887058,0.03503429693674537,3.2821252132779655e-09,0.0032821252132779655
661,0.03506762941471517,0.03506763276268299,-3.3479678168686455e-09,-0.0033479678168686455
662,0.03510096623755748,0.035100968588620614,-2.351063133065444e-09,-0.002351063133065444
663,0.03513429836587779,0.03513430441455824,-6.0486804495658675e-09,-0.006048680449565868
664,0.03516763665287891,0.035167640240495866,-3.5876169507394018e-09,-0.0035876169507394018
665,0.035200969877662996,0.03520097606643349,-6.188770493297923e-09,-0.006188770493297923
666,0.03523430533884329,0.03523431189237112,-6.553527828744975e-09,-0.006553527828744975
667,0.03526763638695918,0.035267647718308745,-1.1331349564213787e-08,-0.011331349564213788
668,0.03530096782451424,0.03530098354424637,-1.5719732131269214e-08,-0.015719732131269214
669,0.03533429651215327,0.035334319370184,-2.2858030722383137e-08,-0.022858030722383137
670,0.03536763378042002,0.035367655196121624,-2.1415701598192626e-08,-0.021415701598192626
671,0.0354009655361662,0.03540099102205925,-2.5485893045961837e-08,-0.025485893045961838
672,0.035434303171801754,0.03543432684799687,-2.3676195112786856e-08,-0.023676195112786857
673,0.035467635033180414,0.035467662673934496,-2.764075407862788e-08,-0.027640754078627882
674,0.0355009693840005,0.03550099849987212,-2.911587162063257e-08,-0.02911587162063257
675,0.03553429995654129,0.03553433432580975,-3.4369268456235346e-08,-0.03436926845623534
676,0.0355676326610343,0.035567670151747374,-3.749071307290698e-08,-0.037490713072906974
677,0.035600961913612554,0.035601005977685,-4.406407244361655e-08,-0.04406407244361655
678,0.03563429411836303,0.03563434180362263,-4.76852595923667e-08,-0.0476852595923667
679,0.03566762348877714,0.03566767762956025,-5.4140783110889333e-08,-0.05414078311088933
680,0.035700959860067126,0.03570101345549788,-5.3595430750396754e-08,-0.05359543075039675
681,0.03573429204590043,0.035734349281435505,-5.723553507253022e-08,-0.057235535072530215
682,0.03576762954154523,0.035767685107373125,-5.556582789445442e-08,-0.05556582789445442
683,0.03580096256865393,0.03580102093331075,-5.83646568200198e-08,-0.058364656820019796
684,0.03583429863769141,0.03583435675924838,-5.8121556967271736e-08,-0.05812155696727173
685,0.035867630933262666,0.035867692585186,-6.165192333457093e-08,-0.06165192333457093
686,0.0359009677903668,0.03590102841112363,-6.0620756828222e-08,-0.060620756828221996
687,0.03593430064147157,0.035934364237061256,-6.359558968049806e-08,-0.06359558968049807
688,0.035967635783155864,0.03596770006299888,-6.427984301504664e-08,-0.06427984301504665
689,0.03600096680371438,0.03600103588893651,-6.908522212356561e-08,-0.06908522212356562
690,0.0360343030655696,0.036034371714874135,-6.864930452987706e-08,-0.06864930452987707
691,0.03606763413662159,0.03606770754081176,-7.340419016788014e-08,-0.07340419016788015
692,0.03610096742034871,0.03610104336674939,-7.594640067248816e-08,-0.07594640067248816
693,0.036134297436403624,0.036134379192687006,-8.175628337936348e-08,-0.08175628337936348
694,0.03616763413722362,0.03616771501862463,-8.088140101142295e-08,-0.08088140101142295
695,0.03620096554563508,0.03620105084456226,-8.529892717573607e-08,-0.08529892717573608
696,0.036234303065667654,0.036234386670499885,-8.36048322280787e-08,-0.0836048322280787
697,0.03626763486961718,0.03626772249643751,-8.762682033175385e-08,-0.08762682033175385
698,0.03630097109917596,0.03630105832237514,-8.72231991744239e-08,-0.08722319917442391
699,0.036334302529039436,0.036334394148312764,-9.161927332496057e-08,-0.09161927332496057
700,0.03636763728443,0.03636772997425039,-9.268982038568253e-08,-0.09268982038568253
701,0.036400968441798076,0.036401065800188016,-9.735838993746261e-08,-0.09735838993746261
702,0.03643429735377923,0.03643440162612564,-1.0427234640730766e-07,-0.10427234640730766
703,0.03646762474420001,0.03646773745206326,-1.1270786324790684e-07,-0.11270786324790684
704,0.03650096008204107,0.03650107327800089,-1.1319595981801279e-07,-0.1131959598180128
705,0.036534291403579985,0.036534409103938514,-1.1770035852620665e-07,-0.11770035852620665
706,0.03656762818333054,0.03656774492987614,-1.1674654559479204e-07,-0.11674654559479204
707,0.03660096106005496,0.03660108075581377,-1.1969575880177398e-07,-0.11969575880177398
708,0.03663429820605553,0.03663441658175139,-1.1837569586087239e-07,-0.11837569586087239
709,0.036667631279331626,0.03666775240768902,-1.2112835739014295e-07,-0.12112835739014295
710,0.03670096929492368,0.036701088233626646,-1.1893870296014698e-07,-0.11893870296014698
711,0.036734302713661626,0.03673442405956427,-1.2134590264278834e-07,-0.12134590264278834
712,0.036767635007408477,0.0367677598855019,-1.2487809341876722e-07,-0.12487809341876722
713,0.036800964451454046,0.036801095711439524,-1.312599854752512e-07,-0.1312599854752512
714,0.03683430138478075,0.036834431537377144,-1.3015259639204092e-07,-0.1301525963920409
715,0.03686763323876678,0.03686776736331477,-1.3412454798605823e-07,-0.13412454798605822
716,0.03690096744179279,0.036901103189252396,-1.3574745960365188e-07,-0.13574745960365187
717,0.036934298135648864,0.03693443901519002,-1.4087954115504743e-07,-0.14087954115504742
718,0.03696763553131092,0.03696777484112765,-1.3930981672821653e-07,-0.13930981672821652
719,0.03700096765185568,0.037001110667065275,-1.4301520958881443e-07,-0.14301520958881442
720,0.03703429928151958,0.0370344464930029,-1.4721148332008617e-07,-0.14721148332008616
721,0.03706762767449092,0.03706778231894053,-1.5464444960422386e-07,-0.15464444960422385
722,0.03710096345560641,0.037101118144878154,-1.5468927174327974e-07,-0.15468927174327973
723,0.037134294317562405,0.03713445397081578,-1.5965325337180493e-07,-0.15965325337180492
724,0.037167631542516115,0.0371677897967534,-1.582542372813296e-07,-0.1582542372813296
725,0.03720096347560203,0.037201125622691025,-1.6214708899592268e-07,-0.16214708899592267
726,0.03723430173011699,0.03723446144862865,-1.5971851165669194e-07,-0.15971851165669193
727,0.03726763422381298,0.03726779727456628,-1.6305075329209285e-07,-0.16305075329209284
728,0.03730096724481631,0.037301133100503904,-1.6585568759080972e-07,-0.1658556875908097
729,0.037334297044341776,0.03733446892644153,-1.7188209975177405e-07,-0.17188209975177404
730,0.03736763458167986,0.037367804752379156,-1.7017069929292595e-07,-0.17017069929292594
731,0.03740096656231052,0.03740114057831678,-1.7401600626160097e-07,-0.17401600626160096
732,0.037434301106903836,0.03743447640425441,-1.7529735057003571e-07,-0.1752973505700357
733,0.037467631309797134,0.037467812230192035,-1.8092039489880874e-07,-0.18092039489880873
734,0.037500966177193666,0.03750114805612966,-1.8187893599252948e-07,-0.18187893599252947
735,0.03753429721432046,0.03753448388206728,-1.8666774681957944e-07,-0.18666774681957943
736,0.037567633246623336,0.03756781970800491,-1.8646138156830317e-07,-0.18646138156830316
737,0.0376009641741749,0.03760115553394253,-1.9135976763312535e-07,-0.19135976763312534
738,0.037634301726700604,0.03763449135988016,-1.8963317955228388e-07,-0.18963317955228387
739,0.03766763380612808,0.037667827185817786,-1.9337968970301001e-07,-0.19337968970301
740,0.03770097064533825,0.03770116301175541,-1.9236641716074932e-07,-0.19236641716074931
741,0.03773430268757924,0.03773449883769304,-1.9615011379453496e-07,-0.19615011379453495
742,0.03776763670907243,0.037767834663630664,-1.9795455822868525e-07,-0.19795455822868524
743,0.037800967279911835,0.03780117048956829,-2.032096564533177e-07,-0.20320965645331768
744,0.03783430339062469,0.03783450631550592,-2.029248812221436e-07,-0.20292488122214358
745,0.03786763439873803,0.037867842141443536,-2.077427055005572e-07,-0.20774270550055718
746,0.03790096478702265,0.03790117796738116,-2.1318035850897933e-07,-0.21318035850897932
747,0.037934293085723464,0.03793451379331879,-2.2070759532200014e-07,-0.22070759532200013
748,0.03796762720305543,0.037967849619256415,-2.2241620098173388e-07,-0.22241620098173387
749,0.038000957907035525,0.03800118544519404,-2.2753815851345128e-07,-0.22753815851345127
750,0.038034295447440886,0.03803452127113167,-2.25823690779003e-07,-0.225823690779003
751,0.03806762757811728,0.038067857097069294,-2.2951895200795614e-07,-0.22951895200795613
752,0.038100962560733094,0.03810119292300692,-2.3036227382311437e-07,-0.23036227382311436
753,0.0381342928590331,0.038134528748944546,-2.3588991144157757e-07,-0.23588991144157756
754,0.03816762936377661,0.03816786457488217,-2.3521110556201609e-07,-0.23521110556201608
755,0.03820096185783062,0.03820120040081979,-2.3854298917130824e-07,-0.23854298917130823
756,0.03823429617554966,0.03823453622675742,-2.4005120775605305e-07,-0.24005120775605304
757,0.038267626826940945,0.038267872052695044,-2.452257540960785e-07,-0.2452257540960785
758,0.03830096419497335,0.03830120787863267,-2.4368365931781667e-07,-0.24368365931781666
759,0.0383342959397184,0.0383345437045703,-2.4776485189614795e-07,-0.24776485189614794
760,0.038367634319251616,0.03836787953050792,-2.452112563042226e-07,-0.24521125630422258
761,0.03840096670903371,0.03840121535644555,-2.4864741183794293e-07,-0.24864741183794292
762,0.03843430465190158,0.038434551182383175,-2.465304815957299e-07,-0.24653048159572988
763,0.03846763681364372,0.0384678870083208,-2.501946770774861e-07,-0.2501946770774861
764,0.03850096897283211,0.03850122283425843,-2.5386142631506027e-07,-0.25386142631506026
765,0.038534297808977304,0.038534558660196054,-2.60851218747415e-07,-0.260851218747415
766,0.038567631699710926,0.03856789448613367,-2.6278642274446496e-07,-0.26278642274446495
767,0.03860096143664558,0.0386012303120713,-2.688754257199051e-07,-0.2688754257199051
768,0.03863429632382914,0.038634566138008926,-2.698141797805027e-07,-0.2698141797805027
769,0.0386676273963572,0.03866790196394655,-2.74567589349239e-07,-0.27456758934923897
770,0.03870096129240023,0.03870123778988418,-2.7649748394753494e-07,-0.2764974839475349
771,0.03873429093670096,0.038734573615821805,-2.82679120844342e-07,-0.282679120844342
772,0.03876762774310058,0.03876790944175943,-2.8169865884802815e-07,-0.28169865884802814
773,0.03880096060667753,0.03880124526769706,-2.846610195242345e-07,-0.2846610195242345
774,0.038834297964990515,0.03883458109363468,-2.831286441656862e-07,-0.28312864416568617
775,0.03886763113046122,0.03886791691957231,-2.8578911108884065e-07,-0.28578911108884064
776,0.03890096901422114,0.03890125274550993,-2.8373128878739174e-07,-0.28373128878739173
777,0.03893430244070558,0.038934588571447555,-2.861307419721455e-07,-0.2861307419721455
778,0.038967633887695696,0.03896792439738518,-2.905096894822985e-07,-0.2905096894822985
779,0.03900096276076029,0.03900126022332281,-2.97462562516559e-07,-0.297462562516559
780,0.03903429869481847,0.039034596049260434,-2.973544419623826e-07,-0.2973544419623826
781,0.03906763103865189,0.03906793187519806,-3.008365461645841e-07,-0.3008365461645841
782,0.039100968302578844,0.039101267701135686,-2.993985568397468e-07,-0.2993985568397468
783,0.03913430150939525,0.03913460352707331,-3.0201767805826353e-07,-0.3020176780582635
784,0.039167633619977486,0.03916793935301094,-3.0573303344966175e-07,-0.30573303344966174
785,0.03920096281957115,0.039201275178948565,-3.1235937740930987e-07,-0.31235937740930986
786,0.03923429868022303,0.03923461100488619,-3.123246631570038e-07,-0.3123246631570038
787,0.03926763094304388,0.03926794683082381,-3.158877799308564e-07,-0.31588777993085637
788,0.03930096841183104,0.03930128265676144,-3.142449303938917e-07,-0.3142449303938917
789,0.0393343017391373,0.03933461848269906,-3.167435617582033e-07,-0.3167435617582033
790,0.0393676370717451,0.03936795430863669,-3.172368915865804e-07,-0.3172368915865804
791,0.03940096856024165,0.039401290134574316,-3.2157433265955727e-07,-0.32157433265955726
792,0.039434304323939275,0.03943462596051194,-3.2163657266437396e-07,-0.32163657266437395
793,0.039467635265587636,0.03946796178644957,-3.2652086192908004e-07,-0.32652086192908003
794,0.03950096869774944,0.039501297612387194,-3.28914637752475e-07,-0.328914637752475
795,0.03953429861437842,0.03953463343832482,-3.348239463990539e-07,-0.3348239463990539
796,0.03956763550626524,0.03956796926426245,-3.3375799720208833e-07,-0.3337579972020883
797,0.03960096735474675,0.039601305090200066,-3.377354533165562e-07,-0.3377354533165562
798,0.03963430199105961,0.03963464091613769,-3.389250780763682e-07,-0.3389250780763682
799,0.03966763214990936,0.03966797674207532,-3.445921659586677e-07,-0.3445921659586677
800,0.03970096468622407,0.039701312568012945,-3.4788178887301636e-07,-0.34788178887301635
801,0.03973429428716455,0.03973464839395057,-3.5410678601577273e-07,-0.3541067860157727
802,0.0397676260881717,0.0397679842198882,-3.581317164949578e-07,-0.3581317164949578
803,0.03980095522571498,0.03980132004582582,-3.648201108402689e-07,-0.3648201108402689
804,0.03983429315200367,0.03983465587176345,-3.627197597735883e-07,-0.3627197597735883
805,0.03986762527155008,0.039867991697701076,-3.664261509953022e-07,-0.3664261509953022
806,0.03990096232546535,0.0399013275236387,-3.65198173352121e-07,-0.365198173352121
807,0.03993429386128982,0.03993466334957633,-3.694882865057365e-07,-0.3694882865057365
808,0.03996762871020746,0.03996799917551395,-3.70465306484546e-07,-0.370465306484546
809,0.040000959849382324,0.040001335001451574,-3.7515206924715284e-07,-0.37515206924715283
810,0.0400342969775928,0.0400346708273892,-3.7384979639509775e-07,-0.37384979639509774
811,0.04006762958047207,0.040068006653326826,-3.770728547569653e-07,-0.3770728547569653
812,0.04010096797129946,0.04010134247926445,-3.745079649911105e-07,-0.3745079649911105
813,0.04013430171450512,0.04013467830520208,-3.765906969571682e-07,-0.3765906969571682
814,0.04016763457027879,0.040168014131139705,-3.7956086091223097e-07,-0.37956086091223096
815,0.04020096427253813,0.04020134995707733,-3.8568453919890456e-07,-0.38568453919890455
816,0.04023429869796586,0.04023468578301496,-3.870850490944595e-07,-0.3870850490944595
817,0.04026762953737823,0.040268021608952584,-3.9207157434967233e-07,-0.3920715743496723
818,0.04030096478980368,0.0403013574348902,-3.926450865179838e-07,-0.3926450865179838
819,0.04033429560261007,0.04033469326082783,-3.976582177545036e-07,-0.3976582177545036
820,0.040367633737644355,0.040368029086765456,-3.9534912109756527e-07,-0.39534912109756526
821,0.04040096594633187,0.04040136491270308,-3.9896637120811996e-07,-0.39896637120811995
822,0.04043430430118817,0.04043470073864071,-3.9643745253642405e-07,-0.39643745253642404
823,0.04046763667630303,0.040468036564578334,-3.9988827530285055e-07,-0.39988827530285054
824,0.04050096575494199,0.04050137239051596,-4.0663557396708417e-07,-0.40663557396708416
825,0.04053429326216108,0.04053470821645359,-4.149542925074852e-07,-0.41495429250748517
826,0.04056762742667854,0.04056804404239121,-4.1661571266865495e-07,-0.41661571266865494
827,0.04060095821119138,0.04060137986832884,-4.2165713745323475e-07,-0.42165713745323474
828,0.04063429517747928,0.040634715694266466,-4.20516787180691e-07,-0.42051678718069097
829,0.040667626891001826,0.040668051520204085,-4.2462920225583246e-07,-0.42462920225583245
830,0.04070096425048062,0.04070138734614171,-4.2309566108678044e-07,-0.42309566108678043
831,0.04073429597006256,0.04073472317207934,-4.2720201677282034e-07,-0.4272020167728203
832,0.040767634953135984,0.040768058998016964,-4.240448809769699e-07,-0.4240448809769699
